trial,period_days
0,40.57180251385944
1,40.57182755224562
2,40.571767652427525
3,40.571745499074495
4,40.57185337937278
5,40.571776610180336
6,40.57171566025772
7,40.571833172595575
8,40.571722463166225
9,40.57172446876746
10,40.571823971635126
11,40.57170191763066
12,40.571776944552425
13,40.571763221699484
14,40.57182622904304
15,40.571706467588456
16,40.571727737700826
17,40.57165765584284
18,40.57171903718233
19,40.57164777933758
20,40.571604194901624
21,40.571747657021206
22,40.571713349396646
23,40.57166980782495
24,40.57170986425058
25,40.57173751690834
26,40.571669544205065
27,40.57172911353803
28,40.57167034860299
29,40.57164681259519
30,40.57170381314654
31,40.57195354221142
32,40.571836169457356
33,40.57155409341772
34,40.57177855284931
35,40.571695393883374
36,40.571842751846475
37,40.57174606488218
38,40.57171501400774
39,40.57159597328973
40,40.57178166302765
41,40.57187724554558
42,40.57179103322005
43,40.571703962230686
44,40.5718509903121
45,40.571829407026485
46,40.57172826830765
47,40.57168045760466
48,40.57179181503864
49,40.57173900725411
50,40.571749470126974
51,40.57167836689314
52,40.57166188813346
53,40.57165511205051
54,40.57170845887026
55,40.5717220084598
56,40.57184689677615
57,40.57166891321697
58,40.57168786267755
59,40.571646038729
60,40.57170428495567
61,40.57171510449734
62,40.57169860872989
63,40.571822540725634
64,40.57161261198007
65,40.57182201153
66,40.571724032036514
67,40.571697179286616
68,40.571708580462314
69,40.57181468829026
70,40.57174719284535
71,40.57163813785792
72,40.57165600115957
73,40.57159654728002
74,40.57161990301711
75,40.571755753099524
76,40.57176132636653
77,40.57171582481658
78,40.57184676277802
79,40.57163291710242
80,40.57163996317047
81,40.57174892720275
82,40.57172174494451
83,40.57171248497286
84,40.57166851077454
85,40.57166041969799
86,40.57177946711238
87,40.5717468806281
88,40.57184924726312
89,40.57161034672595
90,40.57170598863763
91,40.57162971721755
92,40.57160238555923
93,40.57165224427797
94,40.57183201751002
95,40.571719496731816
96,40.57177615517105
97,40.57157954386855
98,40.57179078017032
99,40.57175620096132
100,40.57172068273269
101,40.57162453049091
102,40.57181445434696
103,40.57170604578266
104,40.57166824332728
105,40.571745661727164
106,40.571815716589754
107,40.57164936539505
108,40.571702279235865
109,40.57168279777659
110,40.57193763808402
111,40.571661277315
112,40.57175482117293
113,40.57169842998803
114,40.571730419865844
115,40.57180752628619
116,40.57174711340065
117,40.571787491186114
118,40.571783350454666
119,40.57176207062457
120,40.57177839519511
121,40.57174470320683
122,40.57178718138357
123,40.57171022334967
124,40.57185355903812
125,40.57169171809926
126,40.57170199843563
127,40.57165659082045
128,40.571747747239556
129,40.57174072136627
130,40.57166144246844
131,40.57182344107514
132,40.57173745588261
133,40.57169348659795
134,40.571702193633655
135,40.57179354991251
136,40.571601524180096
137,40.571784965678376
138,40.57175206810621
139,40.57181673699699
140,40.57178471079396
141,40.57170667703292
142,40.571896851543556
143,40.57175721347869
144,40.57171971866819
145,40.57172293918518
146,40.5716590226981
147,40.57177185103967
148,40.57177366249573
149,40.571777084957716
150,40.57181282104398
151,40.57172645884657
152,40.571781655947575
153,40.571703394593214
154,40.571708212759404
155,40.57184407792852
156,40.57173995318942
157,40.57169427258657
158,40.57183151901745
159,40.57157007525018
160,40.57178541393512
161,40.57171547666337
162,40.57173543664737
163,40.57165941365133
164,40.57164931733871
165,40.57164971845168
166,40.57179985914365
167,40.57168440890291
168,40.5717456199385
169,40.57179282032473
170,40.57178565741992
171,40.5716505665622
172,40.571779685989554
173,40.57161872315976
174,40.571797264683596
175,40.57173154695431
176,40.57175568102491
177,40.57172388325648
178,40.571701197244806
179,40.57180099029199
180,40.571677605711216
181,40.5717059369307
182,40.57176068813612
183,40.571673992790124
184,40.57181006908024
185,40.57161188263717
186,40.571869351624855
187,40.57176211669719
188,40.57163329737182
189,40.5718425256141
190,40.5716135762417
191,40.57170187884151
192,40.571852219113566
193,40.571739962894526
194,40.57173077850689
195,40.57179864202453
196,40.57179918397094
197,40.5716587659407
198,40.57182372480236
199,40.5716916775624
200,40.57175356534731
201,40.57163025263185
202,40.57165941802032
203,40.57165713515076
204,40.571686726493795
205,40.57167989382242
206,40.57156793716615
207,40.57168278726158
208,40.57169306489823
209,40.57164817619673
210,40.571751436851514
211,40.57167323656529
212,40.57165318294733
213,40.57178868065694
214,40.57182307782148
215,40.57171722148678
216,40.5717083747345
217,40.571787943722825
218,40.57169257199985
219,40.57161499062204
220,40.57165534650119
221,40.571825706672826
222,40.57174650606919
223,40.57163804755294
224,40.571692172504754
225,40.57179659939982
226,40.57171380774366
227,40.57167445522225
228,40.57168618143555
229,40.57179502539168
230,40.57159381668089
231,40.57169151544258
232,40.571722796150766
233,40.571710242463155
234,40.57160529095961
235,40.571843618901994
236,40.57175114845245
237,40.571744265955886
238,40.57174008726133
239,40.571605340941005
240,40.57168701239482
241,40.571755317172006
242,40.571795419830096
243,40.57178150043762
244,40.57176266627914
245,40.57189991330904
246,40.57175249859324
247,40.571664715993506
248,40.571682596649225
249,40.57176635681162
250,40.57170804789564
251,40.571762321331676
252,40.571809379568094
253,40.571797052600914
254,40.571693810862484
255,40.571789785945725
256,40.5718007115961
257,40.57167933280641
258,40.571725353569946
259,40.571818774056965
260,40.57186589030334
261,40.57160653996664
262,40.57169218036199
263,40.57167865722363
264,40.57172791723053
265,40.57171627838932
266,40.57176564238307
267,40.57183259400267
268,40.571824367945624
269,40.571876968066135
270,40.57170464466435
271,40.57176309704619
272,40.571711057828566
273,40.57169153402526
274,40.57163120434302
275,40.57161305087743
276,40.571922685932236
277,40.57184443035703
278,40.57176207897385
279,40.57180797765727
280,40.571731686845396
281,40.57163888033847
282,40.57176374233018
283,40.57164910939241
284,40.5717465525006
285,40.57165856943527
286,40.571779848265805
287,40.57162259969709
288,40.57180010966886
289,40.57168288102855
290,40.57164535623508
291,40.571702020995076
292,40.57177676043716
293,40.571725459312574
294,40.57181409931309
295,40.57165676068462
296,40.57172191791801
297,40.57178266610822
298,40.57180363999862
299,40.57171003658516
300,40.57164174742957
301,40.571669808952834
302,40.5716690574352
303,40.57166023957575
304,40.57172175924086
305,40.571770701316154
306,40.57171546582083
307,40.57185312847264
308,40.571702709139686
309,40.5717534010771
310,40.57178507144192
311,40.571643454443006
312,40.57182128370607
313,40.57179494166269
314,40.57175700825189
315,40.57177352715257
316,40.57157126967388
317,40.571701774440726
318,40.571756817228334
319,40.57181216900699
320,40.57177825896929
321,40.571709725538085
322,40.571667345785045
323,40.571713981049584
324,40.5717604844109
325,40.57167911200111
326,40.57169343827047
327,40.57183117567911
328,40.57177463295682
329,40.571598550993144
330,40.571697688185964
331,40.57184699221284
332,40.571678959384826
333,40.57163423505597
334,40.57177680964219
335,40.57187663652064
336,40.57166011972049
337,40.5716932466828
338,40.57161669190987
339,40.57169622507092
340,40.57182884821134
341,40.57172105067298
342,40.571755833840825
343,40.571709024223765
344,40.5717052286609
345,40.57163876033974
346,40.571683703029635
347,40.571766638440295
348,40.571666308636736
349,40.57171954430805
350,40.57173408832432
351,40.57167802822255
352,40.57181714995056
353,40.57179654401557
354,40.571723153390735
355,40.571555717551746
356,40.57175815154824
357,40.57185337220142
358,40.571761553913916
359,40.57165896748916
360,40.571832565717386
361,40.57160775114312
362,40.57180792580823
363,40.571824743967
364,40.571626974141964
365,40.57174080921334
366,40.57182082432837
367,40.57167391903863
368,40.57171504762755
369,40.5717616429107
370,40.57176489701021
371,40.57176519065297
372,40.571773594480646
373,40.571655519769706
374,40.57158294864996
375,40.571765294856505
376,40.571789503917216
377,40.571698653875046
378,40.571737133591796
379,40.57175785939103
380,40.57174213273504
381,40.57182845242107
382,40.57178236822767
383,40.57159118033928
384,40.57179615008067
385,40.57164948368006
386,40.571775931346
387,40.571744309503515
388,40.57164362569074
389,40.5716894687456
390,40.57163020211408
391,40.57174821564752
392,40.571634226363244
393,40.571709279289735
394,40.57164684181748
395,40.57173464755522
396,40.57167989334664
397,40.571638511275864
398,40.571772349466414
399,40.57169543930024
400,40.57167735072687
401,40.5717853914947
402,40.571731284076805
403,40.57158353674515
404,40.571758065912945
405,40.57170060744261
406,40.571805489472126
407,40.571660271095425
408,40.57173001391311
409,40.571689687666435
410,40.57167076976589
411,40.5716337245193
412,40.57172731452465
413,40.57180699734488
414,40.571727686805616
415,40.57177046294589
416,40.571540159459005
417,40.57166298130244
418,40.5716878832352
419,40.57171907552117
420,40.5717748569117
421,40.57187874319345
422,40.57176108897829
423,40.571751342309994
424,40.57167031254926
425,40.57176118954192
426,40.57171136810359
427,40.57177148085907
428,40.57169392920093
429,40.57179925895662
430,40.571716775203754
431,40.57184583643755
432,40.57166573664176
433,40.571745115332305
434,40.57177029495779
435,40.57185947675134
436,40.57178023827964
437,40.57167914339402
438,40.571718229238286
439,40.57167675978246
440,40.571839667750055
441,40.57162398095056
442,40.57177171463377
443,40.57163969780174
444,40.571728208545096
445,40.57177579561608
446,40.571749348138155
447,40.571665891416046
448,40.57162581162834
449,40.57167944835203
450,40.57170869403819
451,40.57172317867071
452,40.571695272118745
453,40.57177910187875
454,40.57167779803808
455,40.57176203294625
456,40.57168344741342
457,40.5718442364639
458,40.57165228747033
459,40.57180169342962
460,40.57176700580817
461,40.57177847770731
462,40.57174917518569
463,40.57163924002509
464,40.57174904141311
465,40.571763321614185
466,40.5717464031967
467,40.57167395518536
468,40.57175636172951
469,40.5717416382538
470,40.57188563517616
471,40.571791674637325
472,40.57178584913163
473,40.57178891811827
474,40.571862048681396
475,40.57172621531208
476,40.57172167858846
477,40.57171397790091
478,40.571613491485095
479,40.5716704297181
480,40.57162871440778
481,40.5717101503177
482,40.571834471130956
483,40.5717746685641
484,40.57182105700372
485,40.57170398462256
486,40.5716989539917
487,40.571734227687216
488,40.57172927523072
489,40.57165323175582
490,40.57169640448137
491,40.571661964352415
492,40.57185782016188
493,40.57178377111211
494,40.57168858177647
495,40.571799373670956
496,40.571653597350746
497,40.57172034351993
498,40.57171689545339
499,40.571730192578
500,40.57172107668771
501,40.57176625385341
502,40.571782716870416
503,40.57175292029706
504,40.57177594738016
505,40.571769764267515
506,40.571697730267715
507,40.571734683272666
508,40.571678337151525
509,40.57175250383841
510,40.5717313819199
511,40.57160999674511
512,40.57170333641409
513,40.571739612724514
514,40.57189367806939
515,40.57182067134647
516,40.57171897473131
517,40.57163206098164
518,40.57167628258105
519,40.571733221665795
520,40.57172288489164
521,40.57161043894291
522,40.57170273784277
523,40.57174625479297
524,40.571778581935405
525,40.57173004690162
526,40.571756256555204
527,40.57169648926629
528,40.571649729050705
529,40.57183983092773
530,40.57168817393415
531,40.57179572042605
532,40.57175413713139
533,40.5718083474917
534,40.57159618597336
535,40.571729190430574
536,40.57159781638563
537,40.571681784716475
538,40.57160622055369
539,40.57181752203974
540,40.5716985118155
541,40.57174135286641
542,40.57172685743012
543,40.57174076971148
544,40.57179822389912
545,40.57179604291207
546,40.57168988795104
547,40.57181354428269
548,40.57173810483107
549,40.57168007294388
550,40.571682314296936
551,40.57172295001794
552,40.57183861593671
553,40.57171839950388
554,40.57167978012353
555,40.57173518736806
556,40.57162829747995
557,40.57170419989734
558,40.57174418003501
559,40.571644224041165
560,40.571666885234094
561,40.57176573131164
562,40.57180872650645
563,40.571662166589476
564,40.57188681713774
565,40.57162551716408
566,40.571725167998125
567,40.571778750867225
568,40.57173374642332
569,40.57179778837724
570,40.571717469256555
571,40.57179467402318
572,40.571891765408054
573,40.57173050931942
574,40.57168332426022
575,40.571710584396556
576,40.57174984903622
577,40.57174117415059
578,40.57180509711566
579,40.571798988012574
580,40.57174911188508
581,40.57164847554566
582,40.57171094483272
583,40.571610217589864
584,40.57170644797918
585,40.57157139281037
586,40.57173315233376
587,40.57171082598393
588,40.57179853243588
589,40.571796017269435
590,40.571760011178185
591,40.57180123202966
592,40.571680529602986
593,40.571745157349824
594,40.57176864480368
595,40.571771138545955
596,40.571745767096104
597,40.57182882369602
598,40.57177217653543
599,40.57175940494733
600,40.57179601723351
601,40.57185356393313
602,40.57177131905348
603,40.57165251285949
604,40.571700783816254
605,40.57179761636576
606,40.571733986576646
607,40.57172191027007
608,40.57169257056205
609,40.57163042475338
610,40.571797318336166
611,40.571887265774194
612,40.57173103768275
613,40.57175170311916
614,40.57166845178244
615,40.57170718017426
616,40.57179903903841
617,40.57156751524121
618,40.57189830210257
619,40.57168355265253
620,40.57173617207593
621,40.571872189779356
622,40.57171683593788
623,40.5716771409019
624,40.5716879569444
625,40.5717127517903
626,40.571694235591735
627,40.57161776935243
628,40.57175014936206
629,40.57172388194226
630,40.571736086957344
631,40.57169830721284
632,40.5718999546184
633,40.57192615793497
634,40.571771144211766
635,40.57179119705086
636,40.57167223317242
637,40.571746571600215
638,40.571738777457426
639,40.57174041412361
640,40.57176946251195
641,40.5716312309288
642,40.571641952225036
643,40.571650459369835
644,40.57186646779701
645,40.5717960233859
646,40.571754504660134
647,40.57184562651457
648,40.57182844477029
649,40.57182308463405
650,40.57174212028849
651,40.571777305380806
652,40.57166174774852
653,40.57171322065824
654,40.571833126944625
655,40.571721409325505
656,40.57173611050894
657,40.57175641089998
658,40.57161880320871
659,40.5716982497097
660,40.571742499708535
661,40.57186644505316
662,40.571736400129
663,40.571774469192405
664,40.571883271937395
665,40.571758766553444
666,40.5717529628738
667,40.571722206350046
668,40.57171769345018
669,40.57169910130142
670,40.57176599626132
671,40.57169533313754
672,40.57168875084756
673,40.57174754773803
674,40.571704219717844
675,40.57180158643678
676,40.571743290795894
677,40.571666225397394
678,40.571800113525796
679,40.571780257276714
680,40.57173320313109
681,40.5718338974923
682,40.57167836224926
683,40.571726883421434
684,40.57168663878588
685,40.571719356398944
686,40.57169478784215
687,40.571754918954866
688,40.57170527956305
689,40.57168889548393
690,40.57167086378297
691,40.571754954038624
692,40.571493223453786
693,40.57159735636321
694,40.57169382391771
695,40.57165719697139
696,40.571724875361724
697,40.57180596628041
698,40.57178702977512
699,40.57181938746612
700,40.571652008119486
701,40.57166703387759
702,40.57168539173949
703,40.57182758437102
704,40.57181225726151
705,40.571694850383665
706,40.571906074531285
707,40.57174505799583
708,40.57171652667955
709,40.57174997765526
710,40.57160846440729
711,40.57166952184264
712,40.57166919606368
713,40.571616496379534
714,40.57185870548824
715,40.57185504698691
716,40.57175432727411
717,40.5717573518117
718,40.5717070369617
719,40.5717449449736
720,40.571658668892155
721,40.571811402884464
722,40.571814938410284
723,40.57172833734501
724,40.571698365164366
725,40.571633211899666
726,40.5716898313982
727,40.571712779752374
728,40.57178222303696
729,40.57175629612209
730,40.57176632644325
731,40.57173146614298
732,40.57170962062446
733,40.571855830681216
734,40.571702162048155
735,40.57164941680901
736,40.5717207992526
737,40.57179766578895
738,40.57177686560351
739,40.57176433903703
740,40.571696397869914
741,40.571830957058864
742,40.571760456043876
743,40.57173563484082
744,40.57172525072781
745,40.5717092984836
746,40.571701397848756
747,40.57172415664445
748,40.57176999672902
749,40.57182887759541
750,40.57161974055032
751,40.57165506867477
752,40.57181994371933
753,40.57172916956358
754,40.57181034191137
755,40.571777437261176
756,40.57174889399721
757,40.571737813351206
758,40.57172268187048
759,40.57168316646846
760,40.571685059470155
761,40.571762545010074
762,40.57182612427039
763,40.57162570527487
764,40.57175371607286
765,40.57178376106833
766,40.57179069812503
767,40.57174603559656
768,40.571855075136
769,40.57178081601387
770,40.57178722165975
771,40.57174380410322
772,40.57188948721216
773,40.57167113628623
774,40.57168521668848
775,40.57176104575046
776,40.571683230955614
777,40.571610105523405
778,40.571727040074734
779,40.57166937946397
780,40.57179351422451
781,40.57180792910549
782,40.57169459244653
783,40.57174895092237
784,40.57181031378127
785,40.571691068914106
786,40.57180863646602
787,40.57168980590359
788,40.571731614203486
789,40.57173713684722
790,40.57168696691713
791,40.57170393759452
792,40.57167712157445
793,40.57169582178551
794,40.57172541986597
795,40.57168911151075
796,40.571680145659
797,40.57172356072181
798,40.57171924366344
799,40.5717103396546
800,40.571782897216394
801,40.571743989788615
802,40.571762020407505
803,40.57174071792747
804,40.571701443897155
805,40.57169638112782
806,40.57200831716261
807,40.57181927469128
808,40.57177979864298
809,40.57171130612289
810,40.571694769776855
811,40.571647764923455
812,40.57170539224683
813,40.571745350795936
814,40.57174026300709
815,40.57170866524632
816,40.57177560223295
817,40.57165682198422
818,40.571768295339666
819,40.571630332658174
820,40.571708506212076
821,40.57178747389651
822,40.57173327153009
823,40.571691335293394
824,40.5716089036365
825,40.57171668000444
826,40.571732904422106
827,40.571736725064966
828,40.57165513101734
829,40.5717275007371
830,40.571835985992266
831,40.571735379930374
832,40.571729712130605
833,40.5716993771274
834,40.5717150090361
835,40.57177961396508
836,40.5717837819966
837,40.57170786791846
838,40.57163779379778
839,40.571644621264454
840,40.5717947747047
841,40.57180076104885
842,40.57180791532926
843,40.57171464943792
844,40.57168490338404
845,40.571815453659724
846,40.5717522076078
847,40.57174818236956
848,40.57167786205605
849,40.57176753900569
850,40.57173194248901
851,40.57174505230148
852,40.571685500753574
853,40.571657883578496
854,40.57178295208814
855,40.57183036590584
856,40.57170292102853
857,40.571634647789324
858,40.57177697802297
859,40.57165798914912
860,40.571793400093384
861,40.57177902652904
862,40.57169238916981
863,40.57164485149019
864,40.571736754457675
865,40.571746340195205
866,40.5718583230348
867,40.57182428404076
868,40.57165035246055
869,40.57177557818363
870,40.57179078919012
871,40.571638841993604
872,40.57171112222045
873,40.57173231796344
874,40.57167558019762
875,40.57188290903275
876,40.57166912987827
877,40.57168707312201
878,40.57177315575734
879,40.57172666902909
880,40.571736352046514
881,40.57171911635305
882,40.57174614052258
883,40.571677967396
884,40.57178820452384
885,40.57175286424467
886,40.57171569301079
887,40.57179323246214
888,40.57173432834111
889,40.57166066998877
890,40.57155937313814
891,40.57178372631131
892,40.57174711254311
893,40.57161465603781
894,40.571834062787616
895,40.57178010140797
896,40.57163109442547
897,40.57173084546821
898,40.57174729330961
899,40.57167816417609
900,40.57154178288579
901,40.571806597047384
902,40.571686585826455
903,40.57164394176607
904,40.571843780028644
905,40.57179693979231
906,40.571716093159125
907,40.571744972307556
908,40.57173291901961
909,40.57170752817888
910,40.57166209219099
911,40.57169003659669
912,40.57172273006529
913,40.571748786040075
914,40.57161993330851
915,40.571779261039524
916,40.57178633983858
917,40.571703833283095
918,40.571697403178405
919,40.571767927013866
920,40.57175245707947
921,40.57174323235347
922,40.571656058736494
923,40.57171617929214
924,40.57172539392377
925,40.57173771998623
926,40.57173912589883
927,40.5717356806241
928,40.57173241335056
929,40.57173565693313
930,40.57181591932283
931,40.57179974024507
932,40.5717339746717
933,40.57165356681935
934,40.571680188170035
935,40.57190799904606
936,40.57172515122818
937,40.57173737603546
938,40.57181201251194
939,40.57168037204178
940,40.57174922144554
941,40.571808740302345
942,40.57166318972497
943,40.57175354689821
944,40.571716308776104
945,40.57166960088466
946,40.57168160265496
947,40.571708483114094
948,40.571636769310544
949,40.57167709060502
950,40.571681332102685
951,40.57175097704874
952,40.57171834179451
953,40.57169362551974
954,40.57168390272193
955,40.57179947047109
956,40.571651255131655
957,40.571710018472345
958,40.571660327927134
959,40.57169964877744
960,40.57180480696172
961,40.571784944863
962,40.57175942630306
963,40.57170477728346
964,40.571682916943814
965,40.571897393982454
966,40.57179100499184
967,40.57175727141032
968,40.57175330063035
969,40.57170232819715
970,40.5716264191999
971,40.57164378769198
972,40.57175391203748
973,40.57179012693223
974,40.57164561253262
975,40.57173069982343
976,40.571742842239246
977,40.571737316535746
978,40.57167923901727
979,40.57180945364894
980,40.57177005721928
981,40.57173782765335
982,40.57159010941018
983,40.57177249413678
984,40.57162311674915
985,40.571795855504206
986,40.571709747320824
987,40.57175184357561
988,40.57174165393951
989,40.571615297744756
990,40.571740752922096
991,40.571657898844705
992,40.57181821674328
993,40.57181756234161
994,40.571783985590855
995,40.57168929613681
996,40.57170190763043
997,40.571681059813386
998,40.57169430634144
999,40.57167711765783
1000,40.57175388437349
1001,40.57175818297094
1002,40.5717963692631
1003,40.57181610136399
1004,40.57179896636808
1005,40.57168706834
1006,40.571810564610246
1007,40.571648985194315
1008,40.57158863706775
1009,40.571560450729976
1010,40.5717812932337
1011,40.571753546245986
1012,40.57160684016799
1013,40.571781900817314
1014,40.57159522185259
1015,40.57169924099367
1016,40.57170920103147
1017,40.57158670157162
1018,40.57173388698641
1019,40.57178055024542
1020,40.57185142830042
1021,40.571615716892666
1022,40.57179596891592
1023,40.571852449335324
1024,40.57168552083476
1025,40.57183007362255
1026,40.571747384258174
1027,40.57177404813751
1028,40.571771045871856
1029,40.571750110947505
1030,40.571669679010824
1031,40.571833925901615
1032,40.57174837419393
1033,40.57180644936227
1034,40.57178631681427
1035,40.57176785974025
1036,40.57176473111417
1037,40.571739099599995
1038,40.57171733296411
1039,40.571783874942184
1040,40.57169141423492
1041,40.57171634431893
1042,40.57173001913509
1043,40.571872812487186
1044,40.57180378581063
1045,40.57168532812
1046,40.57179241122378
1047,40.57170667685409
1048,40.571762142121884
1049,40.57172483448983
1050,40.57168148809865
1051,40.57168491631319
1052,40.57180278342139
1053,40.57175958005587
1054,40.571711005749194
1055,40.57163705393759
1056,40.57175132974021
1057,40.571770407148506
1058,40.571739978831374
1059,40.57170361170904
1060,40.57170434245097
1061,40.571840111482175
1062,40.571678046043075
1063,40.57162249831367
1064,40.57186364473603
1065,40.57175421517502
1066,40.571635014460526
1067,40.57172075604797
1068,40.57172883949556
1069,40.57176693135898
1070,40.57169257733483
1071,40.57170479660317
1072,40.57168344258275
1073,40.571626282917464
1074,40.5717299342823
1075,40.57179018717204
1076,40.57174567039101
1077,40.571646062241825
1078,40.57170024832499
1079,40.57162382897218
1080,40.571696654907555
1081,40.571672942704254
1082,40.571690387150056
1083,40.571687576803015
1084,40.57172857062483
1085,40.57165809886067
1086,40.57171135723149
1087,40.571682230887404
1088,40.57166048100453
1089,40.57163179840791
1090,40.571713510388236
1091,40.57167971522699
1092,40.57170769502602
1093,40.57172137722932
1094,40.57168945286219
1095,40.57168168588112
1096,40.57168922355538
1097,40.57170787881819
1098,40.57160201870636
1099,40.571769341438426
1100,40.57183525592734
1101,40.571781721106504
1102,40.57170498503831
1103,40.57162889667961
1104,40.571754175186584
1105,40.571716790197115
1106,40.57167731255083
1107,40.571735851891845
1108,40.57165000176815
1109,40.57176153906187
1110,40.57169119347236
1111,40.57173952964695
1112,40.57168200089734
1113,40.57174934056229
1114,40.57171110274135
1115,40.57172081926785
1116,40.57174435210277
1117,40.571782576943406
1118,40.571743872809066
1119,40.57166198700031
1120,40.571707808738324
1121,40.57168156150658
1122,40.57177801140108
1123,40.571675642922855
1124,40.57187302831096
1125,40.571768673118754
1126,40.57169995840104
1127,40.57177459978993
1128,40.57175066650893
1129,40.571621202215965
1130,40.57176816123649
1131,40.57164871819555
1132,40.57175694781313
1133,40.571741469653375
1134,40.57176329714923
1135,40.571709605658725
1136,40.57166106416685
1137,40.57169883632696
1138,40.57187972725353
1139,40.57167986780473
1140,40.571770737672296
1141,40.57173378335665
1142,40.57176172963341
1143,40.57171454027912
1144,40.57185161249117
1145,40.57183508582807
1146,40.57167110748719
1147,40.57172028616742
1148,40.57167822572853
1149,40.57171652052284
1150,40.571686613538645
1151,40.57171180048215
1152,40.57168328316834
1153,40.57176137626618
1154,40.5716832049294
1155,40.57188057029998
1156,40.571703499554246
1157,40.57178507651474
1158,40.571777161512045
1159,40.5717211994795
1160,40.57171739275668
1161,40.5717291435343
1162,40.57188986257438
1163,40.571600084703505
1164,40.5716549407432
1165,40.57172831837647
1166,40.57171012138099
1167,40.571720216845165
1168,40.57177362270761
1169,40.57165091188779
1170,40.57164817664557
1171,40.5716251801706
1172,40.5717846591001
1173,40.5716302440934
1174,40.57170461275007
1175,40.57179636485739
1176,40.5718013649863
1177,40.57176616069387
1178,40.57179553192918
1179,40.57170171889527
1180,40.571729840454395
1181,40.57165467275183
1182,40.57174204409023
1183,40.57165997734853
1184,40.5716898299255
1185,40.571742663080954
1186,40.57167506068038
1187,40.57161728591598
1188,40.571798933919126
1189,40.57153534207771
1190,40.57181000456751
1191,40.57175735959902
1192,40.57162633606981
1193,40.57164690479851
1194,40.57166312155732
1195,40.571649654586736
1196,40.571701634335
1197,40.57166133003557
1198,40.5718040866808
1199,40.57179765001024
1200,40.57168469076896
1201,40.57179110787024
1202,40.57172660938886
1203,40.571738494312285
1204,40.57169802151304
1205,40.57172852327392
1206,40.571854562072986
1207,40.57177204011225
1208,40.57171167281251
1209,40.57180974100072
1210,40.57172055843398
1211,40.571676132182006
1212,40.5718369942025
1213,40.571665392613795
1214,40.571731566564495
1215,40.57172496825876
1216,40.57173104236051
1217,40.571543165700064
1218,40.57167005884355
1219,40.57170769094114
1220,40.571634085861774
1221,40.57171345570566
1222,40.5716931638417
1223,40.57165772747442
1224,40.571555756258476
1225,40.57174119953345
1226,40.571803697943096
1227,40.571704218713194
1228,40.57180907162308
1229,40.57186505178481
1230,40.57177428239936
1231,40.57178612432131
1232,40.57166287646032
1233,40.571821945055035
1234,40.57171632511859
1235,40.57175480840215
1236,40.57173064259791
1237,40.571713425730536
1238,40.571712615900196
1239,40.57176024466298
1240,40.57182098438727
1241,40.57174832735825
1242,40.57177027754176
1243,40.57181127137403
1244,40.57172462439007
1245,40.5719607403563
1246,40.571714837519266
1247,40.57172643440049
1248,40.57165051542711
1249,40.57175428647872
1250,40.571764159397844
1251,40.571797975247364
1252,40.57167714009893
1253,40.571717104485515
1254,40.571636763046854
1255,40.571672104163554
1256,40.5717466548291
1257,40.57182276934827
1258,40.571671373944355
1259,40.571741410965956
1260,40.57177707116864
1261,40.571772445773604
1262,40.571766144932326
1263,40.571803288601245
1264,40.57168841515784
1265,40.57150425963778
1266,40.57170507548199
1267,40.57170040034782
1268,40.57170925999526
1269,40.57173055523481
1270,40.57171461618793
1271,40.57165978043224
1272,40.57160255570682
1273,40.57178541373594
1274,40.57181575174252
1275,40.57188445492068
1276,40.57182232702996
1277,40.5717763591814
1278,40.571818297119535
1279,40.57182346631862
1280,40.57163770798877
1281,40.57167557846856
1282,40.57163904851757
1283,40.57180814799597
1284,40.57176872768355
1285,40.5716276733732
1286,40.571761726622185
1287,40.57180579835858
1288,40.57171598250193
1289,40.57170287128213
1290,40.5717350153044
1291,40.57174026612722
1292,40.571784548549545
1293,40.57167653887632
1294,40.571679671877064
1295,40.57178756345718
1296,40.57176672115429
1297,40.571773292172
1298,40.571775234898155
1299,40.5717398629256
1300,40.57170207987804
1301,40.57169461141768
1302,40.57169128110945
1303,40.57164414004251
1304,40.5716774936692
1305,40.57173375369166
1306,40.571808332587466
1307,40.571679669589344
1308,40.571653498758224
1309,40.571693696611305
1310,40.57172063497353
1311,40.57169126044482
1312,40.571887091385065
1313,40.57177114212709
1314,40.57174708883133
1315,40.57166906998384
1316,40.57176855479429
1317,40.571639722177224
1318,40.5717898887475
1319,40.57179980053593
1320,40.57172976236723
1321,40.571757935719916
1322,40.57166517264602
1323,40.571713340742235
1324,40.571765196013985
1325,40.571708570771534
1326,40.57188567360629
1327,40.571786118566024
1328,40.571808355869734
1329,40.57175382912601
1330,40.57174325515973
1331,40.571697758727055
1332,40.571736834942385
1333,40.571723834488466
1334,40.571818347778276
1335,40.571701446922134
1336,40.57171770493426
1337,40.571692113630775
1338,40.571763905780585
1339,40.571745340321286
1340,40.57165289875968
1341,40.571698597995805
1342,40.57175709181763
1343,40.571837917118046
1344,40.571648018118935
1345,40.5717483034781
1346,40.57175819139377
1347,40.57166490959173
1348,40.57157763809869
1349,40.57164133537435
1350,40.57167081487785
1351,40.57176661791402
1352,40.57174841764311
1353,40.57175849452369
1354,40.57170541522112
1355,40.57167114344088
1356,40.571736504404726
1357,40.57162584576315
1358,40.5717133016758
1359,40.571751282261516
1360,40.57176973082369
1361,40.57174255109362
1362,40.571616864335624
1363,40.57173952204914
1364,40.57166074501424
1365,40.57169953537414
1366,40.5717755655719
1367,40.57164106247558
1368,40.57168602331319
1369,40.57171381264425
1370,40.57179434838315
1371,40.571785925543395
1372,40.57191741344593
1373,40.57168947144601
1374,40.57162374547545
1375,40.57170772056179
1376,40.571732152381514
1377,40.57184703558596
1378,40.57167692251437
1379,40.57167308938244
1380,40.571829786791
1381,40.57172286707146
1382,40.57165773322163
1383,40.571717298152976
1384,40.571830523689755
1385,40.57176373739901
1386,40.57166744741369
1387,40.571777871839004
1388,40.571694620286166
1389,40.57179024729987
1390,40.57171678485986
1391,40.57165863363059
1392,40.57171216677693
1393,40.571663068257635
1394,40.57168774927868
1395,40.571724196022274
1396,40.57176528982757
1397,40.571759716356155
1398,40.57177232344509
1399,40.57181332327184
1400,40.57177267924851
1401,40.571748864744336
1402,40.571683304468365
1403,40.57175311509218
1404,40.57183418822967
1405,40.571732140496806
1406,40.571635263801
1407,40.57172867483018
1408,40.57176268085618
1409,40.57169453464621
1410,40.57165858240046
1411,40.571722041786416
1412,40.571731293816924
1413,40.571728329304506
1414,40.57160839065318
1415,40.57178924847631
1416,40.571814124792354
1417,40.571637647339
1418,40.57178410044344
1419,40.571715526615094
1420,40.571735991447326
1421,40.5717591084715
1422,40.57177762323897
1423,40.57177876407093
1424,40.57179013740256
1425,40.57179103104488
1426,40.571726384407384
1427,40.571635275294966
1428,40.571696799277106
1429,40.571745907782315
1430,40.57176158327081
1431,40.57171684380785
1432,40.57170168099742
1433,40.57182745047453
1434,40.571699234382095
1435,40.57178379355901
1436,40.57184697038383
1437,40.57172007283975
1438,40.57176418671372
1439,40.57170363423859
1440,40.57175312690413
1441,40.57179472571511
1442,40.5717433298596
1443,40.571719218063436
1444,40.57172815244303
1445,40.57170010091386
1446,40.57171762444955
1447,40.57169922769344
1448,40.57177030246203
1449,40.571736062594255
1450,40.57180026699541
1451,40.57172709628276
1452,40.571639058012465
1453,40.57165169907125
1454,40.57166412919332
1455,40.57174034474485
1456,40.57167710535725
1457,40.571648615678555
1458,40.571741749009334
1459,40.571709482061124
1460,40.57177139476221
1461,40.57165257968029
1462,40.5717306262834
1463,40.5716710030614
1464,40.5716671263076
1465,40.57167543899675
1466,40.571673264317496
1467,40.57160482776328
1468,40.57180803763754
1469,40.571750707858655
1470,40.5717336023946
1471,40.5716088786794
1472,40.57171073044208
1473,40.57167365925159
1474,40.57164314390309
1475,40.57183406307581
1476,40.57164474011836
1477,40.571683970866616
1478,40.57169229723695
1479,40.571649759238085
1480,40.57174185674262
1481,40.57180051307978
1482,40.57163493508699
1483,40.57161318587089
1484,40.57170263134253
1485,40.57169176474201
1486,40.57171914918308
1487,40.571572874697495
1488,40.57163113519903
1489,40.57174573645898
1490,40.57177982101973
1491,40.57171378824319
1492,40.571709949264346
1493,40.57172287181652
1494,40.57175070563255
1495,40.571663846768274
1496,40.57168725184181
1497,40.571603491411
1498,40.571833219939435
1499,40.57175916970414
1500,40.57183551393439
1501,40.57179084218069
1502,40.57173829435385
1503,40.57177953116218
1504,40.57185722812926
1505,40.5717268182608
1506,40.571686332292984
1507,40.571719729751294
1508,40.57171860750475
1509,40.57168459248703
1510,40.571663791333435
1511,40.571764069241794
1512,40.571769793444446
1513,40.571634203313465
1514,40.57171026938863
1515,40.5716788014829
1516,40.57165748710452
1517,40.57176311897456
1518,40.571632759185036
1519,40.57183577727051
1520,40.57178796494088
1521,40.57174474466808
1522,40.57183692749027
1523,40.57169828914607
1524,40.57174165131528
1525,40.5718234560577
1526,40.57174554104438
1527,40.57156164325693
1528,40.57169700505142
1529,40.57178218386048
1530,40.57182787965951
1531,40.571738150734745
1532,40.57176553085867
1533,40.57166386410904
1534,40.571706987587504
1535,40.571693630720574
1536,40.57165826135815
1537,40.57177491653431
1538,40.57171109387912
1539,40.57159226595445
1540,40.57177354651026
1541,40.57171972452693
1542,40.57171720034137
1543,40.571674890225154
1544,40.571696592539524
1545,40.571787826883565
1546,40.57175915865582
1547,40.571754175419414
1548,40.571633526231835
1549,40.57176805075255
1550,40.57178214128248
1551,40.571755050460524
1552,40.571707091105054
1553,40.5717820737043
1554,40.57182370876603
1555,40.57170593273099
1556,40.57182179323729
1557,40.57165855897051
1558,40.57163210594092
1559,40.571769467592276
1560,40.571776664159415
1561,40.57173943094165
1562,40.57171428562117
1563,40.57180098300546
1564,40.57172022443717
1565,40.57176883058662
1566,40.571803676637956
1567,40.57176007371902
1568,40.57160853091909
1569,40.57172425234046
1570,40.57173924964707
1571,40.571833050766486
1572,40.57168390524589
1573,40.5716965741301
1574,40.57188025066887
1575,40.57169028723365
1576,40.57174158226201
1577,40.57176459184973
1578,40.571800176886654
1579,40.57176790916742
1580,40.571779158961135
1581,40.571624851931006
1582,40.57172451480494
1583,40.57179998371021
1584,40.5716198663456
1585,40.571824472372896
1586,40.57165832183546
1587,40.57160438313588
1588,40.571718410074254
1589,40.571735540798045
1590,40.57177737779648
1591,40.57176466127726
1592,40.57168014916306
1593,40.571759886718155
1594,40.57171006439785
1595,40.571646897483106
1596,40.57173479232654
1597,40.57176062970575
1598,40.571699105672906
1599,40.57174439200742
1600,40.57175046196244
1601,40.57175942404206
1602,40.57169996552591
1603,40.57174108437118
1604,40.571692563624424
1605,40.57169824043251
1606,40.57177802434114
1607,40.57169516770193
1608,40.571800577546924
1609,40.57169748250817
1610,40.57179317132841
1611,40.57166001534483
1612,40.5717934257093
1613,40.57179373471229
1614,40.5717984503699
1615,40.57177295779172
1616,40.57170379708964
1617,40.57165516731709
1618,40.57179963718988
1619,40.571788193420275
1620,40.57175177192596
1621,40.57170629378868
1622,40.571660005406216
1623,40.5718000515086
1624,40.571716623054385
1625,40.57163393061944
1626,40.571653138410284
1627,40.57171413402
1628,40.57186114237368
1629,40.57175954052707
1630,40.57172993986637
1631,40.57173024457836
1632,40.57162826803142
1633,40.57167408253929
1634,40.571791694046624
1635,40.5718484614232
1636,40.57173277878837
1637,40.57171553315868
1638,40.571618844600835
1639,40.571675941404806
1640,40.571620446627776
1641,40.57175493896591
1642,40.57167647706103
1643,40.571750581840206
1644,40.57165685257473
1645,40.57190380306952
1646,40.57167439324485
1647,40.57170975375038
1648,40.57171709353133
1649,40.571738760915196
1650,40.57172724092675
1651,40.5716482184032
1652,40.57171908504699
1653,40.571727323832874
1654,40.571719898300216
1655,40.57175238746015
1656,40.57173713466739
1657,40.57174162960257
1658,40.571758262199296
1659,40.57175850805504
1660,40.57170993459897
1661,40.57168683022189
1662,40.57173458716147
1663,40.57172967284805
1664,40.571882060003645
1665,40.57158010506873
1666,40.571622636386905
1667,40.57157370313064
1668,40.57164020072207
1669,40.57174687731117
1670,40.571803979534934
1671,40.57176706910229
1672,40.57174188525573
1673,40.57170256033078
1674,40.57161164473973
1675,40.57188545269071
1676,40.57164399581825
1677,40.57159506873188
1678,40.57175020299087
1679,40.57174570317716
1680,40.57186895808434
1681,40.57174873681515
1682,40.57172379586552
1683,40.57173081396036
1684,40.57171489958728
1685,40.57161227289123
1686,40.57186534961363
1687,40.57165251608717
1688,40.571756263697694
1689,40.571703220338804
1690,40.57163568650708
1691,40.57171496139915
1692,40.5716741275927
1693,40.571660805026454
1694,40.571818854961634
1695,40.57184021991395
1696,40.57162839886723
1697,40.571733352436695
1698,40.571770605636175
1699,40.571795825931076
1700,40.57172272844582
1701,40.571780247103334
1702,40.57171823607416
1703,40.571751108366584
1704,40.57171540515753
1705,40.57175747677297
1706,40.57172798865088
1707,40.57181032562221
1708,40.57172829825117
1709,40.571723145266446
1710,40.57180653183798
1711,40.5717072843147
1712,40.57182312716998
1713,40.57162428656136
1714,40.571628374365105
1715,40.571708712400095
1716,40.57175738753892
1717,40.57173326566078
1718,40.571766376402024
1719,40.57159983601605
1720,40.571688219535986
1721,40.571875192885386
1722,40.57177275820834
1723,40.57177259421417
1724,40.57175211662707
1725,40.57169733995079
1726,40.57167609825808
1727,40.571692372128496
1728,40.57165105566287
1729,40.57170654388199
1730,40.57168662186314
1731,40.57175714625146
1732,40.57172614087574
1733,40.57178959689179
1734,40.57175700646633
1735,40.571732109902314
1736,40.57184543192227
1737,40.571801200580126
1738,40.57155815335091
1739,40.571757676122274
1740,40.57166364615682
1741,40.57164243948171
1742,40.57166266386582
1743,40.57171217817404
1744,40.57173540758629
1745,40.57175919099825
1746,40.57176124857881
1747,40.5717756372228
1748,40.571811090572965
1749,40.571736129161536
1750,40.571770981664486
1751,40.57180190181555
1752,40.57169813708822
1753,40.57163518366531
1754,40.57162976420602
1755,40.57173430055002
1756,40.57174496937023
1757,40.57166003392115
1758,40.57178175904505
1759,40.5717214275553
1760,40.57162258858057
1761,40.5716707093527
1762,40.57169939703692
1763,40.571601146899866
1764,40.57176706027076
1765,40.571793876744096
1766,40.57179911674643
1767,40.571783011106504
1768,40.57177629051159
1769,40.571636592087316
1770,40.57167134191309
1771,40.57169832466184
1772,40.5716388277408
1773,40.57166120869442
1774,40.57165059850843
1775,40.57174119051081
1776,40.57170569183211
1777,40.57175363131478
1778,40.57158436583961
1779,40.571785249672644
1780,40.57181777878304
1781,40.571654426792634
1782,40.571638512206505
1783,40.57180582857302
1784,40.57175249694876
1785,40.571681787083776
1786,40.571719403513725
1787,40.571792236264514
1788,40.571773649081706
1789,40.57173175906826
1790,40.57179086375697
1791,40.5718159830252
1792,40.57177488869979
1793,40.57164489829074
1794,40.571715458410495
1795,40.57182654319399
1796,40.57166295779439
1797,40.571811668489886
1798,40.57180262621739
1799,40.57153710219677
1800,40.5718025900743
1801,40.571769642311665
1802,40.57179330360816
1803,40.571766110727026
1804,40.57177163223889
1805,40.57183596750701
1806,40.57168338074109
1807,40.571704801954866
1808,40.57183938977846
1809,40.5717331856946
1810,40.57184761120595
1811,40.57177452365818
1812,40.57168549997459
1813,40.571714556465054
1814,40.57174084940459
1815,40.57181924828399
1816,40.57172871903083
1817,40.571848465681
1818,40.57171813776313
1819,40.571656574347344
1820,40.571709179973254
1821,40.5717052764893
1822,40.57180580052864
1823,40.57171184560627
1824,40.57188747434441
1825,40.57164096038355
1826,40.57172295128282
1827,40.571685852649466
1828,40.5717797832142
1829,40.57173439255928
1830,40.571732973933194
1831,40.57168679753863
1832,40.57185118736015
1833,40.571703651332086
1834,40.57177486690557
1835,40.57173259274941
1836,40.57175161847806
1837,40.57181465396741
1838,40.571659095171526
1839,40.57175787180881
1840,40.57177628627119
1841,40.57186000252875
1842,40.571683843075334
1843,40.57173001437957
1844,40.57173537576
1845,40.57171785521291
1846,40.57177580368693
1847,40.5718150329277
1848,40.571612072617086
1849,40.57167196546595
1850,40.57178699127519
1851,40.571694073425306
1852,40.571832232005136
1853,40.571679852935404
1854,40.57178569683447
1855,40.571762772016086
1856,40.57170831031601
1857,40.57178604758553
1858,40.57167433321001
1859,40.57180383655077
1860,40.57170463780665
1861,40.57163347387211
1862,40.57171885523803
1863,40.571893979801644
1864,40.571714237153856
1865,40.57165577271553
1866,40.57171053331581
1867,40.57183841731046
1868,40.57162752618842
1869,40.571661672398704
1870,40.571700059371096
1871,40.57176936403414
1872,40.5718009401611
1873,40.57170126986716
1874,40.57173174107709
1875,40.571688838425075
1876,40.57173275911737
1877,40.57169097866779
1878,40.57168078394204
1879,40.571667490667664
1880,40.57169039509108
1881,40.5717165579116
1882,40.57179473743656
1883,40.57171198290837
1884,40.571753848311005
1885,40.57179278276965
1886,40.57181889637752
1887,40.571809542320125
1888,40.57178607164212
1889,40.57175390830855
1890,40.57167415610229
1891,40.57171248271038
1892,40.57171760324172
1893,40.571567134044244
1894,40.57174118733428
1895,40.57164746029491
1896,40.571597469444896
1897,40.57178095143229
1898,40.57164928841314
1899,40.571753508944425
1900,40.57172349538939
1901,40.57179921157456
1902,40.57174593076206
1903,40.57178626625296
1904,40.57169763936395
1905,40.57169586439079
1906,40.571583842466225
1907,40.57160105253422
1908,40.571766377064364
1909,40.571699207593156
1910,40.57161610777621
1911,40.57176316951143
1912,40.571702097078855
1913,40.57172248715642
1914,40.571612228824506
1915,40.571822500594635
1916,40.571722981906646
1917,40.57174472452266
1918,40.57166463928206
1919,40.57191681953839
1920,40.5716610410941
1921,40.571893445364594
1922,40.5715350561328
1923,40.57177014366789
1924,40.571695212532745
1925,40.571874956611055
1926,40.571750924776666
1927,40.571738147929864
1928,40.57178252446363
1929,40.571789344388776
1930,40.5717465869775
1931,40.571854875351505
1932,40.571717012729664
1933,40.57182974498983
1934,40.57186666926589
1935,40.571786325284165
1936,40.57174057637053
1937,40.57169783789982
1938,40.571722703036585
1939,40.57164384782061
1940,40.57176633732695
1941,40.571596664498884
1942,40.57169706726938
1943,40.571795574971816
1944,40.57170554110621
1945,40.57170671284723
1946,40.571706503407995
1947,40.57169355962833
1948,40.57168219574805
1949,40.57183813341396
1950,40.57178451783534
1951,40.57182725613018
1952,40.57176453045906
1953,40.57172810444092
1954,40.571640536620635
1955,40.571760174647466
1956,40.571725412353885
1957,40.57174512510392
1958,40.57174050938772
1959,40.57169060266722
1960,40.57173978211688
1961,40.571652940215586
1962,40.57171924965132
1963,40.571751294850515
1964,40.57168657664806
1965,40.57164293236917
1966,40.57177840561667
1967,40.57171636868463
1968,40.57181801302636
1969,40.571762574620266
1970,40.57167139249657
1971,40.57172642406863
1972,40.57164185167892
1973,40.57177414471414
1974,40.57187091752894
1975,40.571822127401674
1976,40.571780116046625
1977,40.571738325804176
1978,40.57175602645157
1979,40.57168685285376
1980,40.57178990150476
1981,40.57178660087993
1982,40.57169866977097
1983,40.57186642511704
1984,40.57175913922936
1985,40.571833499003674
1986,40.571615049927914
1987,40.57161261737667
1988,40.5716992785276
1989,40.57168433238644
1990,40.57187460277794
1991,40.57162927685465
1992,40.57184047269163
1993,40.57164451655933
1994,40.57178485236864
1995,40.57175184801076
1996,40.57178845839837
1997,40.571772853936295
1998,40.571765025185755
1999,40.57165247654643
