sector,cycle,time_btjd,hours_from_center,normalized_flux,model_flux
8,0,1526.9929256815853,-13.017777951565222,1.0012757069790073,0.9999327507174092
8,0,1527.0137592725325,-12.517771768832972,1.0004280140249309,0.999922546109123
8,0,1527.034592862548,-12.017765608463378,0.9983973860428039,0.9999123415012934
8,0,1527.055426451865,-11.517759464852134,0.9992433037586049,0.9999021368938057
8,0,1527.0762600402509,-11.01775334359263,1.0003570823227355,0.9998919322867742
8,0,1527.0970936277065,-10.517747244657585,0.9980501286817969,0.9998817276801982
8,0,1527.117927214229,-10.017741168117936,0.9985966648780121,0.9998715230740794
8,0,1527.1387608000525,-9.517735108353008,1.0005843795323937,0.999861318468303
8,0,1527.1595943847135,-9.017729076489559,0.9977167878546602,0.9998511138630959
8,0,1527.1804279686755,-8.51772306140083,0.998070757024679,0.9998409092582312
8,0,1527.2012615517065,-8.017717068658385,1.0010756795046933,0.9998307046538226
8,0,1527.2220951338063,-7.517711098262225,1.0013294496308456,0.9998205000498701
8,0,1527.2429287149744,-7.017705150228721,1.0024931498224683,0.999810295446374
8,0,1527.263762295211,-6.517699224546959,1.001079667305078,0.999800090843334
8,0,1527.2845958745165,-6.017693321216939,1.0018474745367643,0.9997898862407502
8,0,1527.3054294528895,-5.517687440265945,1.0025519142861297,0.9997796816386232
8,0,1527.3262630303325,-5.017681581633951,1.0036344093715919,0.9997694770369516
8,0,1527.3470966068435,-4.51767574537007,0.9955350793124205,0.9997592724357365
8,0,1527.3679301821921,-4.017669937002211,0.9998723051466041,0.9997490678350908
8,0,1527.3887637568414,-3.5176641454199853,0.9961927328238155,0.9997388632347877
8,0,1527.4095973305584,-3.0176583762113296,1.0004567291526079,0.9997286586349412
8,0,1527.4304309031115,-2.517652634936894,0.9989766140486783,0.9997184540356647
8,0,1527.4512644749655,-2.017646910442636,1.0004664725793841,0.9997082494367308
8,0,1527.472098045656,-1.5176412138716842,0.9915890322354882,0.9996980448383668
8,0,1527.4929316154166,-1.0176355396142753,0.9747068164339211,0.9745733628368926
8,0,1527.5137651840114,-0.5176298933401995,0.9505961787518032,0.946169041864606
8,0,1527.5345987519077,-0.017624263829929987,0.9344629726693284,0.9370967487551596
8,0,1527.5554323186407,0.48238133776249015,0.9442472706934542,0.9441469520970146
8,0,1527.576265884209,0.9823869114043191,0.9723019059602991,0.972530859751498
8,0,1527.597099449079,1.4823924682823417,0.9978853798988043,0.9996368172583312
8,0,1527.6179330127834,1.9823979971879453,0.9983991686933477,0.999626612663389
8,0,1527.6387665753255,2.4824034981975274,0.9957762559946072,0.9996164080690162
8,0,1527.6596001369362,2.9824089768553677,0.9996086322299053,0.9996062034750995
8,0,1527.6804336976156,3.482414433161466,1.0021608541251723,0.999595998881639
8,0,1527.7012672571304,3.9824198615169735,0.9986907450943365,0.9995857942887489
8,0,1527.7221008157135,4.482425267509825,0.9996181125211543,0.9995755896963153
8,0,1527.742934373132,4.9824306455520855,1.0000888842161948,0.999565385104452
8,0,1527.763767929387,5.4824359956764965,1.0004787806510176,0.9995551805131586
8,0,1527.7846014847114,5.98244132346008,0.9990687633690916,0.9995449759223212
8,0,1527.8054350388716,6.482446623303986,0.9989936437352653,0.9995347713320539
8,0,1527.8262685918667,6.9824518951863865,0.999635375694195,0.9995245667423572
8,0,1527.8471021439304,7.482457144717046,1.0022466400131873,0.9995143621531168
8,0,1527.8679356948305,7.982462366318941,1.0012944711363934,0.9995041575644464
8,0,1527.8887692445664,8.48246755998116,1.0000298677354091,0.9994939529763462
8,0,1527.9096027931387,8.982472725714615,0.9977885089634375,0.999483748388816
8,0,1527.9304363405454,9.482477863475651,0.9991484711970406,0.9994735438018567
8,0,1527.9512698867895,9.982482973335209,0.999970132264591,0.9994633392154668
8,0,1527.9721034321024,10.482488060843025,0.9979766360408786,0.9994531346295331
8,0,1527.992936976017,10.982493114795943,0.9964805993844837,0.9994429300442842
8,0,1528.013770518767,11.482498140792814,1.0015558573682992,0.9994327254596058
8,0,1528.0346040603536,11.982503138871834,0.9987594605282886,0.9994225208754973
8,0,1528.0554376007772,12.482508109038463,1.0015510505122593,0.9994123162919584
9,1,1567.555283083002,-13.242523701399477,0.999107319749964,0.9995816997483874
9,1,1567.5761159185975,-12.742535647108525,0.9998314524815501,0.999631961518388
9,1,1567.5969487527946,-12.242547626377927,0.9992442789312332,0.9996822232850148
9,1,1567.617781585362,-11.74255964475742,0.9970618155793887,0.9997324850477101
9,1,1567.638614416766,-11.242571691065677,1.0010623878933154,0.9997827468075977
9,1,1567.659447246773,-10.74258377089609,0.9999229949241208,0.9998330085641155
9,1,1567.68028007515,-10.242595889847507,1.0009276164783143,0.9998832703167008
9,1,1567.701112902363,-9.742608036733145,1.0021222693440976,0.9999335320664777
9,1,1567.7219457279461,-9.242620222739788,0.9996569217267107,0.9999837938123222
9,1,1567.7427785518998,-8.742632447851065,1.0,1.0000340555542355
9,1,1567.7636113744566,-8.242644706489955,1.0016236734728983,1.0000843172927785
9,1,1567.784444195615,-7.742656998689199,0.999831148127814,1.0001345790279477
9,1,1567.805277015145,-7.242669329965793,0.9981997369087531,1.0001848407591887
9,1,1567.8261098332775,-6.74268169478637,1.004044023285553,1.0002351024870577
9,1,1567.8469426495476,-6.242694104304974,0.9978813005461957,1.0002853642104332
9,1,1567.867775464653,-5.742706541774169,0.9983099022193442,1.000335625930999
9,1,1567.8886082778959,-5.242719023946847,1.0004831418626672,1.000385887647071
9,1,1567.9094410895086,-4.742731545240531,0.9982832444126893,1.0004361493592104
9,1,1567.9302738997249,-4.242744100050913,0.9999281116475205,1.0004864110679805
9,1,1567.9511067083124,-3.742756693949559,1.0042538912994758,1.000536672772821
9,1,1567.9719395150364,-3.2427693325735163,1.0012716113934441,1.0005869344731657
9,1,1567.9927723203634,-2.742782004725086,1.002292216889734,1.00063719617014
9,1,1568.0136051238276,-2.2427947215855966,1.0004478762162274,1.0006874578626197
9,1,1568.0344379256617,-1.742807477567112,1.0016887049147338,1.0007377195511669
9,1,1568.055270725865,-1.2428202726860036,0.9876129139381339,0.9889978068229917
9,1,1568.07610352444,-0.7428331068877014,0.9610662751708462,0.9618909971302164
9,1,1568.096936321152,-0.24284598579833983,0.9418532222884285,0.9410416240124724
9,1,1568.1177691162345,0.2571410961809306,0.9421963077229821,0.9410918856847303
9,1,1568.138601909688,0.7571281390664808,0.9598776055414523,0.9628182244953575
9,1,1568.1594347012774,1.2571151372103486,0.9907256649199065,0.9900255484264062
9,1,1568.180267491004,1.7571020906507329,1.000168529615289,1.001089551256406
9,1,1568.2011002791014,2.257089004986483,1.0008182102617473,1.0011398129118114
9,1,1568.221933065569,2.757075880206685,1.0005464581816839,1.0011900745632847
9,1,1568.242765850174,3.25706271072886,1.0022599840387592,1.0012403362102646
9,1,1568.2635986329155,3.757049496525724,0.9991205215408487,1.0012905978527487
9,1,1568.2844314140275,4.257036243212497,1.0007056423469567,1.0013408594913011
9,1,1568.3052641932775,4.757022945212157,1.002939516415786,1.0013911211253612
9,1,1568.326096970898,5.257009608107182,1.0018286682464106,1.0014413827554904
9,1,1568.3469297466565,5.756996226309639,1.0028795551491316,1.0014916443811268
9,1,1568.367762520784,6.256982805369262,1.0045543922753932,1.001541906002828
9,1,1568.388595293281,6.756969345296966,0.9998517045372171,1.0015921676205959
9,1,1568.4094280639156,7.256955840526643,1.002955793969722,1.0016424292338704
9,1,1568.430260832921,7.756942296657144,1.001522871515484,1.0016926908432142
9,1,1568.4510936002964,8.256928713666639,0.9993376725606462,1.0017429524486254
35,18,2257.277204856346,-13.178898666283203,1.003612563171118,1.0003331721288802
35,18,2257.2841494555873,-13.012228284493176,0.9986213725213741,1.0003268376389063
35,18,2257.291094054831,-12.84555790264858,0.9981201841416291,1.0003205031489302
35,18,2257.2980386538416,-12.678887526391918,1.0020226824455483,1.0003141686591663
35,18,2257.3049832530846,-12.512217144558235,0.9987894166273892,1.0003078341691907
35,18,2257.311927852094,-12.345546768334316,1.0005985865245075,1.0003014996794282
35,18,2257.318872451104,-12.178876392088569,1.005031952214062,1.0002951651896648
35,18,2257.3258170498816,-12.012206021430757,0.9997585200377149,1.0002888307001139
35,18,2257.3327616488914,-11.845535645195923,1.0020709493409408,1.000282496210351
35,18,2257.3397062476683,-11.678865274549025,0.9984591478282785,1.0002761617208005
35,18,2257.3466508464467,-11.512194903869386,1.0015409548672436,1.0002698272312487
35,18,2257.353595444991,-11.345524538810423,1.0040380649510667,1.0002634927419105
35,18,2257.360540043768,-11.178854168152611,0.9964577319137674,1.0002571582523594
35,18,2257.367484642313,-11.012183803082735,0.998104950972516,1.000250823763021
35,18,2257.3744292408564,-10.845513438034686,0.997378482849099,1.000244489273683
35,18,2257.3813738391673,-10.678843078574573,0.9997647160008823,1.0002381547845578
35,18,2257.3883184377123,-10.512172713493783,0.9967839955875157,1.0002318202952187
35,18,2257.3952630360245,-10.345502354000928,1.002459412269248,1.0002254858060922
35,18,2257.4022076343354,-10.178831994540815,1.0019531062293179,1.0002191513169667
35,18,2257.4091522326476,-10.01216163504796,1.0033717764036072,1.0002128168278401
35,18,2257.416096830727,-9.84549128114304,0.9998195040619289,1.0002064823389258
35,18,2257.423041428805,-9.678820927270863,1.0026573407721975,1.0002001478500129
35,18,2257.4299860268834,-9.512150573387771,1.0000219511678514,1.0001938133610995
35,18,2257.4369306249628,-9.345480219482852,1.0045628561849769,1.0001874788721852
35,18,2257.4438752228084,-9.178809871187696,0.9974853033080153,1.0001811443834843
35,18,2257.4508198208864,-9.012139517315518,0.9977893162853061,1.000174809894571
35,18,2257.457764418733,-8.845469168998534,1.0000181514335331,1.0001684754058693
35,18,2257.4647090163467,-8.678798826269485,0.9979516436739237,1.0001621409173798
35,18,2257.471653614192,-8.512128477985243,0.999817809585814,1.0001558064286793
35,18,2257.4785982118055,-8.345458135256195,1.0011091030808443,1.0001494719401898
35,18,2257.4855428094183,-8.178787792548974,0.9971240375771473,1.0001431374517011
35,18,2257.4924874070316,-8.01211744983084,1.0001226270113612,1.000136802963212
35,18,2257.4994320044116,-7.845447112711554,1.0031298257535124,1.0001304684749357
35,18,2257.5063766017915,-7.678776775592269,1.0049008956119274,1.0001241339866593
35,18,2257.513321199172,-7.5121064384620695,0.9972840714324378,1.0001177994983828
35,18,2257.520265796552,-7.345436101342784,0.9972242855226485,1.0001114650101064
35,18,2257.5272103939333,-7.178765764190757,1.0025299127451774,1.000105130521829
35,18,2257.5341549910804,-7.012095432659407,0.9990140801979285,1.0000987960337648
35,18,2257.5410995882276,-6.845425101128058,0.9998455031449434,1.000092461545701
35,18,2257.548044185375,-6.678754769585794,1.0015386784498368,1.0000861270576367
35,18,2257.55498878229,-6.5120844436314655,1.001019312962678,1.0000797925697846
35,18,2257.5619333792038,-6.345414117698965,0.9997197695940382,1.0000734580819337
35,18,2257.5688779761185,-6.178743791744637,0.9998891316259204,1.0000671235940817
35,18,2257.5758225730333,-6.0120734657903085,0.9988233232656063,1.0000607891062296
35,18,2257.5827671699485,-5.845403139825066,0.9990009180551779,1.0000544546183774
35,18,2257.58971176663,-5.678732819469587,1.0001070686397615,1.000048120130738
35,18,2257.5966563633115,-5.5120624991141085,0.9969778847332623,1.000041785643099
35,18,2257.6036009599934,-5.345392178747716,1.0014979254434788,1.0000354511554594
35,18,2257.6105455564425,-5.178721863969258,0.9985442995320294,1.0000291166680322
35,18,2257.6174901528916,-5.012051549190801,0.9987051891833374,1.000022782180605
35,18,2257.6244347493403,-4.845381234423257,1.0007152315217058,1.0000164476931783
35,18,2257.631379345789,-4.678710919655714,1.002220850571383,1.0000101132057515
35,18,2257.6383239422385,-4.512040604866343,0.9992890645743024,1.0000037787183238
35,18,2257.6452685384547,-4.345370295675821,1.0025113419715956,0.999997444231109
35,18,2257.6522131346705,-4.178699986496213,1.0001546680142601,0.9999911097438946
35,18,2257.659157730886,-4.012029677327519,0.9984487926964656,0.9999847752566806
35,18,2257.6661023268693,-3.845359373724932,1.0002298069046052,0.9999784407696781
35,18,2257.673046922853,-3.6786890701223456,0.9995938477680091,0.9999721062826756
35,18,2257.679991518836,-3.512018766530673,1.0019090669662523,0.9999657717956736
35,18,2257.686936114819,-3.3453484629280865,1.0004950865541395,0.9999594373086712
35,18,2257.6938807108027,-3.1786781593255,1.001508537314097,0.9999531028216687
35,18,2257.700825306553,-3.012007861321763,0.9997849127868976,0.999946768334879
35,18,2257.707769902303,-2.845337563318026,1.000592236518057,0.9999404338480894
35,18,2257.714714498054,-2.678667265292461,0.9985236406161646,0.999934099361299
35,18,2257.7216590935723,-2.5119969728548313,1.0003944962902311,0.9999277648747208
35,18,2257.728603689322,-2.345326674862008,0.9953693818863498,0.9999214303879316
35,18,2257.735548284839,-2.1786563824571203,0.9994938565613132,0.9999150959013547
35,18,2257.7424928801247,-2.0119860955965123,0.9997480108626189,0.9999087614149885
35,18,2257.749437475642,-1.8453158031807106,1.0015638730845948,0.9999024269284112
35,18,2257.7563820709265,-1.6786455163528444,0.9956296294553008,0.9998960924420464
35,18,2257.7633266662115,-1.5119752295140643,0.9993520853930382,0.999889757955681
35,18,2257.7702712614964,-1.345304942675284,0.9895224807986117,0.9934351947137751
35,18,2257.7772158565485,-1.1786346614244394,0.984756381617416,0.9840494289441444
35,18,2257.7841604518335,-1.0119643745856592,0.9756932792841095,0.9746636628598382
35,18,2257.7911050468856,-0.8452940933348145,0.9631885761501203,0.9652778970902075
35,18,2257.7980496419377,-0.6786238120839698,0.9539497275466403,0.9558921313205768
35,18,2257.8049942367556,-0.5119535364538024,0.9506859953902548,0.9465063658674654
35,18,2257.811938831575,-0.3452832607908931,0.9410097152103407,0.9378391220028299
35,18,2257.8188834263947,-0.1786129851170699,0.9387444573836048,0.9378327875168889
35,18,2257.8258280212135,-0.011942709465074586,0.9312165504103435,0.9378264530309488
35,18,2257.832772616033,0.15472756619783468,0.9361802700079225,0.9378201185450082
35,18,2257.839717210619,0.32139783626189455,0.9389693434611087,0.9378137840592804
35,18,2257.8466618052053,0.48806810633686837,0.9456766447490175,0.9451241976010047
35,18,2257.8536063997917,0.6547383764118422,0.952798065729841,0.9544972937698281
35,18,2257.8605509941444,0.8214086408770527,0.9644500708278179,0.9638703896231731
35,18,2257.8674955887313,0.9880789109629404,0.9711727764440434,0.9732434857926101
35,18,2257.8744401830845,1.1547491754390649,0.9847775540108913,0.982616581646569
35,18,2257.8813847772053,1.3214194343381678,0.9937769508886479,0.9919896771868907
35,18,2257.8883293715594,1.48808969883612,1.0015455761657386,0.999775737210027
35,18,2257.895273965679,1.6547599577024812,0.9981169834645233,0.9997694027247248
35,18,2257.9022185597996,1.821430216601584,0.999540052430343,0.9997630682394214
35,18,2257.9091631539204,1.988100475500687,0.9996784517623086,0.9997567337541179
35,18,2257.916107748041,2.15477073439979,0.9949666100486285,0.9997503992688145
35,18,2257.9230523419283,2.3214409876891295,0.9969689159909979,0.9997440647837242
35,18,2257.929996935817,2.488111241022125,0.9981206291555582,0.9997377302986323
35,18,2257.9369415297056,2.6547814943442063,1.0014668942798808,0.9997313958135409
35,18,2257.9438861233593,2.8214517420346965,1.0022222540768517,0.9997250613286633
35,18,2257.9508307172464,2.988121995324036,1.0033882761508264,0.9997187268435731
35,18,2257.957775310902,3.154792243058182,1.0005957110498884,0.999712392358694
35,18,2257.9647199043247,3.3214624852043926,1.0001545139709769,0.9997060578740273
35,18,2257.971664497979,3.4881327329057967,1.0003281207511066,0.9996997233891495
35,18,2257.9786090914013,3.6548029750410933,1.002731144620755,0.9996933889044831
35,18,2257.9855536848245,3.8214732171982178,1.0032733940934242,0.999687054419816
35,18,2257.9924982782454,3.9881434593007725,1.0002952581840308,0.9996807199351508
35,18,2257.9994428716686,4.154813701457897,0.9949458142054008,0.9996743854504837
35,18,2258.0063874648577,4.321483937994344,1.0013915499984916,0.9996680509660302
35,18,2258.0133320580467,4.488154174530791,1.0006676321472072,0.9996617164815766
35,18,2258.0202766512357,4.6548244110672385,0.9951951075853266,0.9996553819971231
35,18,2258.0272212441914,4.821494642004836,1.0021388310810566,0.9996490475128824
35,18,2258.0341658408743,4.988164962393057,0.9963387420354809,0.999642713025242
35,18,2258.0411104338305,5.154835193341569,0.9992740196803132,0.9996363785410008
35,18,2258.0480550267876,5.321505424311908,1.0032552512178512,0.9996300440567588
35,18,2258.0549996195114,5.488175649683399,1.0042191342724696,0.9996237095727297
35,18,2258.0619442124676,5.65484588063191,0.9942348702217432,0.9996173750884885
35,18,2258.0688888051905,5.821516105981573,0.99599046728816,0.9996110406044602
35,18,2258.0758333979147,5.988186331363977,1.0012704377460815,0.9996047061204305
35,18,2258.0827779904057,6.154856551147532,0.9962115365154254,0.9995983716366137
35,18,2258.0897225828953,6.321526770898345,1.00423180005353,0.9995920371527982
35,18,2258.096667175387,6.488196990703727,1.0004331782702265,0.9995857026689805
35,18,2258.1036117678786,6.654867210498196,0.996041780817375,0.9995793681851632
35,18,2258.110556360369,6.821537430270837,0.99592140454954,0.9995730337013469
35,18,2258.117500952626,6.9882076444337144,0.9999818485664668,0.9995666992177437
35,18,2258.1244455448846,7.154877858640248,1.0035833462950772,0.9995603647341388
35,18,2258.131390137143,7.321548072846781,1.0003950097678418,0.999554030250534
35,18,2258.1383347291676,7.488218281432637,1.001612225559589,0.9995476957671428
35,18,2258.1452793214257,7.654888495628256,0.9959101765057892,0.9995413612835383
35,18,2258.1522239134515,7.821558704246854,0.9981047284655513,0.9995350268001458
35,18,2258.1591685052435,7.988228907255689,1.0024746625542815,0.9995286923169665
35,18,2258.166113097268,8.154899115841545,0.9991776399328115,0.9995223578335752
35,18,2258.1730576890604,8.321569318861293,0.9978075789723216,0.9995160233503956
35,18,2258.180002280853,8.488239521881042,1.001273860930152,0.9995096888672159
35,18,2258.186946872645,8.654909724889876,1.0023878506062567,0.9995033543840366
35,18,2258.1938914644365,8.821579927887797,1.0033475916081498,0.9994970199008578
35,18,2258.2008360559967,8.988250125330524,0.9984976928809111,0.99949068541789
35,18,2258.2077806475563,9.154920322762337,1.0006952058948941,0.9994843509349227
35,18,2258.214725239116,9.32159052019415,1.001362196195088,0.9994780164519554
35,18,2258.2216698304424,9.488260712027113,0.9962054774796208,0.9994716819692009
35,18,2258.2286144217696,9.654930903881905,0.9977795088629445,0.9994653474864456
35,18,2258.235559013096,9.821601095714868,1.0012351960660768,0.999459013003691
35,18,2258.242503604422,9.988271287536918,1.0024088004927674,0.9994526785209369
35,18,2258.2494481957483,10.154941479369882,1.0013646095398578,0.9994463440381823
35,18,2258.2563927868423,10.321611665625824,1.0051071595680883,0.9994400095556398
35,18,2258.2633373779363,10.488281851881766,1.0005365070813912,0.9994336750730972
35,18,2258.270281969031,10.654952038159536,1.0013927994606773,0.9994273405905538
35,18,2258.277226559892,10.821622218816628,0.9982963069620504,0.999421006108224
35,18,2258.284171150985,10.988292405050743,1.0020965718737076,0.9994146716256823
35,18,2258.291115741846,11.15496258571875,0.9977403134053385,0.9994083371433522
35,18,2258.2980603324745,11.32163276079882,0.9980576425686631,0.9994020026612344
35,18,2258.305004923335,11.488302941455913,0.9946173939256883,0.9993956681789046
35,18,2258.3119495139636,11.654973116535984,0.9982170773667414,0.9993893336967867
35,18,2258.3188941045914,11.821643291605142,0.9986769479147567,0.9993829992146693
35,18,2258.3258386952207,11.98831346670704,0.9983671326404666,0.9993766647325507
35,18,2258.3327832856157,12.154983636188263,0.9960315112651639,0.9993703302506457
35,18,2258.339727876243,12.321653811246506,0.9964821734480299,0.9993639957685287
35,18,2258.346672466639,12.488323980749556,0.9973294115054501,0.9993576612866228
35,18,2258.3536170570346,12.654994150241691,0.9964788871913224,0.9993513268047174
35,18,2258.360561647196,12.82166431411315,1.0008225483423123,0.9993449923230256
35,18,2258.367506237359,12.988334478028264,0.9993927870516351,0.9993386578413321
36,19,2297.8467724199045,-13.230600524715555,1.0006985619428266,1.0006561452755658
36,19,2297.853716776954,-13.063935955524357,1.0048875784048565,1.0006470484140186
36,19,2297.860661134002,-12.897271386376815,1.000034997825747,1.000637951552474
36,19,2297.8676054908183,-12.730606822784466,0.9974741702712245,1.0006288546912323
36,19,2297.874549847635,-12.563942259181204,1.001481603058718,1.00061975782999
36,19,2297.8814942044505,-12.397277695610683,1.007137141913984,1.0006106609687497
36,19,2297.8884385612673,-12.23061313200742,0.9980041781454757,1.0006015641075077
36,19,2297.8953829180846,-12.063948568393243,1.0021919521030942,1.000592467246265
36,19,2297.902327274667,-11.897284010410658,1.00035265613265,1.0005833703853295
36,19,2297.90927163125,-11.730619452428073,1.000349336605939,1.000574273524394
36,19,2297.9162159876005,-11.563954900011595,1.0025310445383346,1.0005651766637627
36,19,2297.923160344184,-11.397290342007182,0.9965395361992144,1.0005560798028261
36,19,2297.930104700534,-11.230625789612532,1.0019385739273936,1.0005469829421956
36,19,2297.9370490568854,-11.063961237174226,1.00332812409959,1.000537886081563
36,19,2297.943993413237,-10.89729668473592,1.0018914551929412,1.0005287892209302
36,19,2297.950937769354,-10.730632137929206,1.011984062607327,1.0005196923606048
36,19,2297.957882125704,-10.563967585523642,1.0066573200910451,1.0005105954999738
36,19,2297.9648264818215,-10.397303038706013,0.9995907969352453,1.0005014986396479
36,19,2297.9717708377066,-10.230638497465407,0.9961545304442492,1.0004924017796264
36,19,2297.978715193824,-10.063973950647778,1.0018359319361128,1.0004833049193005
36,19,2297.985659549709,-9.897309409407171,0.9991799693423349,1.0004742080592788
36,19,2297.992603905595,-9.730644868144736,0.9999650021742529,1.0004651111992562
36,19,2297.9995482614795,-9.563980326915043,0.9943755200460488,1.0004560143392351
36,19,2298.0064926173645,-9.397315785674436,1.0022849507765559,1.0004469174792137
36,19,2298.0134369730167,-9.230651250021765,0.9988277434500183,1.000437820619497
36,19,2298.020381328668,-9.063986714390921,0.99672485851389,1.0004287237597818
36,19,2298.027325684319,-8.897322178770992,0.9983629577849409,1.000419626900067
36,19,2298.0342700397396,-8.730657648673514,1.0029163878094236,1.0004105300406536
36,19,2298.041214395392,-8.563993113009928,1.000841553801244,1.0004014331809363
36,19,2298.048158750811,-8.397328582956106,1.0009316965690436,1.0003923363215255
36,19,2298.0551031062305,-8.23066405289137,0.9975070131863358,1.000383239462114
36,19,2298.062047461417,-8.06399952841457,0.996698035254479,1.0003741426030073
36,19,2298.0689918166026,-7.897335003959597,0.9966390774929194,1.000365045743902
36,19,2298.075936172021,-7.730670473916689,0.9944889514263819,1.0003559488844915
36,19,2298.0828805269757,-7.564005955005996,1.0036020425422458,1.0003468520256888
36,19,2298.0898248821622,-7.397341430529195,1.0002088260473758,1.0003377551665824
36,19,2298.096769237116,-7.23067691164033,1.002379941166044,1.0003286583077808
36,19,2298.1037135920697,-7.064012392751465,1.001130868171695,1.0003195614489793
36,19,2298.110657947023,-6.897347873873514,0.9982861302136686,1.0003104645901781
36,19,2298.117602301976,-6.730683354995563,0.9993566608875623,1.0003013677313772
36,19,2298.1245466566966,-6.564018841705547,0.9947512756338442,1.0002922708728814
36,19,2298.131491011418,-6.397354328393703,1.0031012613389236,1.0002831740143843
36,19,2298.138435366139,-6.23068981508186,1.0004339641377398,1.0002740771558871
36,19,2298.145379720859,-6.064025301802758,0.9982247838764646,1.0002649802973917
36,19,2298.1523240753468,-5.897360794100678,1.003202849983181,1.0002558834392008
36,19,2298.159268430068,-5.730696280788834,0.9999612561161769,1.0002467865807037
36,19,2298.166212784322,-5.564031778696517,1.003457422446704,1.0002376897228187
36,19,2298.1731571388104,-5.397367270972609,0.9947658036630358,1.0002285928646266
36,19,2298.1801014932994,-5.230702763237787,1.001134680991202,1.000219496006434
36,19,2298.1870458475546,-5.064038261112728,0.9967237346964672,1.0002103991485474
36,19,2298.193990201809,-4.897373759009497,1.0049574702052357,1.000201302290662
36,19,2298.200934555831,-4.730709262483288,0.999909011587407,1.000192205433081
36,19,2298.2078789100865,-4.564044760347315,1.0035324400414012,1.0001831085751938
36,19,2298.214823264108,-4.397380263832019,1.0042831871695033,1.0001740117176134
36,19,2298.22176761813,-4.23071576730581,0.9957953650720712,1.0001649148600325
36,19,2298.2287119721536,-4.064051270735945,0.9964056906568516,1.0001558180024492
36,19,2298.235656325943,-3.897386779786757,1.0041919205842809,1.0001467211451727
36,19,2298.2426006797314,-3.730722288870311,1.000598950178722,1.0001376242878979
36,19,2298.249545033521,-3.564057797921123,0.9990714634720264,1.0001285274306213
36,19,2298.256489387311,-3.397393306961021,0.9987282503729025,1.000119430573344
36,19,2298.2634337408663,-3.2307288216325105,1.0078669704603551,1.0001103337163744
36,19,2298.270378094656,-3.0640643306833226,1.0007946093883062,1.0001012368590978
36,19,2298.2773224482135,-2.8973998453002423,0.9979057384153831,1.0000921400021252
36,19,2298.284266801537,-2.7307353655378392,1.0004620336105305,1.000083043145459
36,19,2298.291211155093,-2.5640708801875007,0.9968068081705117,1.0000739462884882
36,19,2298.2981555084175,-2.39740640040327,0.9937457631758626,1.000064849431821
36,19,2298.305099861741,-2.2307419206408667,1.002437760274307,1.000055752575155
36,19,2298.312044215064,-2.0640774408893776,0.9939237565689957,1.0000466557184897
36,19,2298.318988568155,-1.897412966703996,1.0016218688253673,1.0000375588621282
36,19,2298.3259329214798,-1.7307484869088512,1.0020309532031335,1.0000284620054605
36,19,2298.3328772745704,-1.5640840127343836,0.9978583155455227,1.0000193651490994
36,19,2298.339821627428,-1.3974195441478514,1.0023953667655863,0.9964820685583592
36,19,2298.3467659805196,-1.230755069951556,0.9960059602973701,0.9870598792417767
36,19,2298.353710333377,-1.0640906013759377,0.976119488036702,0.9776376902429527
36,19,2298.360654686235,-0.8974261327784916,0.9656696698764808,0.9682155012428948
36,19,2298.367599039093,-0.7307616641919594,0.9506887348456234,0.9587933122434538
36,19,2298.3745433917193,-0.5640972011606209,0.9496526790329335,0.9493711235580694
36,19,2298.3814877445775,-0.3974327325631748,0.9411014780836187,0.9399489345580115
36,19,2298.388432097202,-0.230768269575492,0.9361807377923691,0.9377155975259515
36,19,2298.3953764498274,-0.06410380656598136,0.9388905138085468,0.9377065006701999
36,19,2298.40232080222,0.10256065085559385,0.930138631706445,0.9376974038147533
36,19,2298.409265154612,0.2692251082662551,0.9418257765581173,0.9376883069593074
36,19,2298.4162095072375,0.4358895712757658,0.9381217893106485,0.9420754655235164
36,19,2298.4231538593976,0.6025540231203195,0.9533042808108334,0.951479459866184
36,19,2298.43009821179,0.7692184805418947,0.9664600139511362,0.9608834545235335
36,19,2298.437042563949,0.9358829323537066,0.9724233563842876,0.9702874488643537
36,19,2298.4439869161083,1.1025473841764324,0.9837905767493695,0.9796914432057897
36,19,2298.4509312682685,1.269211836020986,0.9896449534001317,0.9890954375484574
36,19,2298.457875620427,1.435876287821884,0.9947508639383528,0.9984994318886617
36,19,2298.4648199723542,1.6025407340785023,1.0004577682968798,0.9998465248925691
36,19,2298.4717643242816,1.7692051803351205,0.9953194895915016,0.9998374280377319
36,19,2298.478708676209,1.9358696265917388,1.0031964112140526,0.9998283311828947
36,19,2298.485653028135,2.102534072815615,1.0028165905968995,0.9998192343280594
36,19,2298.4925973798286,2.26919851346247,1.000187699763415,0.9998101374735284
36,19,2298.499541731523,2.435862954131153,0.9994593436774953,0.9998010406189963
36,19,2298.506486083216,2.60252739475618,0.9953534785778461,0.9997919437644666
36,19,2298.51343043491,2.769191835413949,0.9996424814097881,0.9997828469099349
36,19,2298.5203747863725,2.935856270516524,1.005323575057275,0.9997737500557066
36,19,2298.527319137833,3.1025207055645296,1.0001687432259634,0.9997646532014812
36,19,2298.534263489294,3.269185140634363,0.9967611248068272,0.9997555563472547
36,19,2298.5412078407544,3.4358495756823686,1.0055561793010122,0.9997464594930293
36,19,2298.548152191983,3.6025140051642666,0.9961993384913932,0.9997373626391077
36,19,2298.555096543211,3.7691784346461645,0.9946357449774013,0.9997282657851863
36,19,2298.5620408944387,3.9358428641062346,1.00049949419129,0.9997191689312659
36,19,2298.5689852456676,4.1025072935990465,1.0027595948796193,0.9997100720773437
36,19,2298.575929596664,4.269171717514837,0.9928916730614537,0.9997009752237259
36,19,2298.582873947659,4.4358361413978855,1.0035724449744774,0.99969187837011
36,19,2298.5898182986543,4.602500565280934,1.0032042148835494,0.999682781516494
36,19,2298.59676264965,4.769164989174897,0.9992152935573004,0.9996736846628774
36,19,2298.603707000412,4.93582940747001,0.9970937005846028,0.9996645878095665
36,19,2298.610651351174,5.102493825754209,1.0020501285697203,0.9996554909562562
36,19,2298.6175957019377,5.269158244082064,1.0014474916764167,0.9996463941029434
36,19,2298.624540052701,5.435822662399005,0.9953672277236753,0.9996372972496312
36,19,2298.63148440323,5.602487075095269,1.000842035967135,0.9996282003966259
36,19,2298.6384287539927,5.769151493401296,0.9977135915988662,0.9996191035433143
36,19,2298.6453731045226,5.935815906119387,0.9999286802467898,0.9996100066903078
36,19,2298.652317454819,6.102480313227716,1.0000960474454796,0.9996009098376074
36,19,2298.659261805348,6.269144725923979,0.9929893227812787,0.9995918129846021
36,19,2298.6662061556453,6.4358091330650495,1.000844298437854,0.9995827161318999
36,19,2298.673150505943,6.60247354020612,0.9984519656084125,0.9995736192791977
36,19,2298.68009485624,6.769137947336276,0.9962620126392815,0.9995645224264962
36,19,2298.687039206303,6.935802348845755,0.997705264964826,0.9995554255741014
36,19,2298.6939835563676,7.102466750398889,0.999099095286547,0.9995463287217042
36,19,2298.7009279064314,7.269131151930196,0.9978544285466479,0.9995372318693083
36,19,2298.707872256495,7.435795553461503,1.0029285235540022,0.9995281350169123
36,19,2298.714816606327,7.602459949426702,1.0070300306157909,0.9995190381648201
36,19,2298.721760956392,7.769124350979837,0.9977568789689694,0.999509941312423
36,19,2298.728705306223,7.935788746934122,1.003098160641348,0.9995008444603315
36,19,2298.735649655821,8.102453137278644,1.0028050223244847,0.9994917476085461
36,19,2298.742594005652,8.269117533222015,0.9980015447779174,0.9994826507564551
36,19,2298.749538355251,8.43578192359928,0.9957383359740756,0.999473553904668
36,19,2298.756482704849,8.602446313954715,1.0030544838295636,0.999464457052882
36,19,2298.7634270544477,8.769110704321065,1.0040510131660998,0.9994553602010955
36,19,2298.7703714038134,8.93577508909948,0.9983040185682233,0.999446263349614
36,19,2298.777315753412,9.10243947946583,1.0042152351595932,0.9994371664978273
36,19,2298.784260102777,9.269103864222416,0.9994109972745053,0.999428069646347
36,19,2298.79120445191,9.435768243412895,1.0030372667982879,0.9994189727951704
36,19,2298.798148801276,9.602432628202223,1.0020204902032996,0.9994098759436882
36,19,2298.805093150408,9.769097007370874,1.0050561769810524,0.9994007790925129
36,19,2298.812037499541,9.935761386561353,0.9968376630785649,0.9993916822413363
36,19,2298.8189818486744,10.102425765762746,1.0007175407340885,0.9993825853901592
36,19,2298.825926197575,10.269090139376203,0.996261118777899,0.9993734885392871
36,19,2298.832870546707,10.435754518544854,1.0005381008432825,0.9993643916881116
36,19,2298.839814895606,10.60241889212557,0.9933578273358677,0.9993552948372413
36,19,2298.846759244506,10.7690832657172,0.9944549884028162,0.9993461979863704
36,19,2298.8537035931736,10.935747633742722,0.9972634489410003,0.9993371011358032
36,19,2298.86064794184,11.102412001735502,0.9988290378799872,0.9993280042852378
36,19,2298.867592290508,11.269076369771938,0.9973328808292989,0.9993189074346701
36,19,2298.8745366391754,11.435740737786546,0.9980900518906561,0.9993098105841035
36,19,2298.881480987842,11.60240510579024,0.9995739656366823,0.9993007137335376
36,19,2298.888425336276,11.769069468205998,1.0021747536166605,0.9992916168832766
36,19,2298.8953696847107,11.935733830632671,0.9971866176607597,0.9992825200330151
36,19,2298.902314033145,12.102398193059344,0.9956952229254867,0.9992734231827535
36,19,2298.9092583813454,12.269062549865339,1.003331198834387,0.9992643263327987
36,19,2298.91620272978,12.435726912292012,1.0022491184329205,0.9992552294825372
36,19,2298.9231470779823,12.602391269152577,0.9989339831406394,0.9992461326325794
36,19,2298.930091426184,12.769055625991314,1.000074194203714,0.9992370357826229
36,19,2298.937035774152,12.935719977220288,0.9965816441173689,0.9992279389329725
89,54,3718.1429573971373,-6.368479505235882,1.0121390638182028,1.003873985216061
89,54,3718.145272268137,-6.312922601242462,1.0070118824356977,1.0038551824811042
89,54,3718.1475871391376,-6.257365697227215,1.0113523264787312,1.00383637974614
89,54,3718.1499020101382,-6.201808793211967,1.0040330227219674,1.0038175770111757
89,54,3718.1522168811384,-6.146251889207633,1.002344871123026,1.0037987742762153
89,54,3718.1545317521404,-6.090694985159644,1.0110264833050346,1.0037799715412399
89,54,3718.1568466229073,-6.035138086754159,1.00088844442334,1.0037611688081742
89,54,3718.159161493908,-5.979581182738912,0.993871628196668,1.00374236607321
89,54,3718.1614763649086,-5.924024278723664,1.0093913184914631,1.003723563338246
89,54,3718.1637912359092,-5.868467374708416,0.989994378388871,1.0037047606032816
89,54,3718.166106106909,-5.812910470714996,0.9940189320279142,1.0036859578683248
89,54,3718.16842097791,-5.757353566688835,1.003039733465679,1.003667155133357
89,54,3718.170735848911,-5.701796662662673,0.9982174816623235,1.003648352398389
89,54,3718.1730507199118,-5.646239758647425,1.0078433859419087,1.0036295496634249
89,54,3718.1753655909124,-5.590682854632178,1.0084777649765029,1.0036107469284608
89,54,3718.177680461912,-5.535125950638758,1.0071039845998708,1.003591944193504
89,54,3718.1799953331456,-5.479569041035575,1.004091859066708,1.0035731414566484
89,54,3718.1823102041462,-5.424012137020327,1.0141857422939278,1.0035543387216843
89,54,3718.184625075148,-5.368455232983251,1.005779002610515,1.0035355359867126
89,54,3718.1869399461484,-5.312898328968004,1.009562105747951,1.0035167332517485
89,54,3718.189254817148,-5.257341424974584,1.008485531260425,1.0034979305167917
89,54,3718.191569688149,-5.201784520959336,1.0121746013111772,1.0034791277818276
89,54,3718.193884559149,-5.146227616955002,1.0004542140257653,1.003460325046867
89,54,3718.196199430149,-5.0906707129506685,1.0109440357534156,1.0034415223119064
89,54,3718.1985143011507,-5.035113808913593,1.0077936220933768,1.003422719576935
89,54,3718.2008291721513,-4.979556904898345,1.0106915108432906,1.0034039168419706
89,54,3718.203144043385,-4.923999995295162,0.9952973589076164,1.0033851141051153
89,54,3718.205458914385,-4.868443091290828,1.0001614520980258,1.0033663113701548
89,54,3718.207773785385,-4.8128861872864945,0.997366143606498,1.0033475086351942
89,54,3718.210088656386,-4.757329283271247,0.9962190620514088,1.00332870590023
89,54,3718.2124035273864,-4.701772379255999,1.0104034058463123,1.003309903165266
89,54,3718.21471839862,-4.646215469652816,1.001411696027846,1.0032911004284104
89,54,3718.217033269621,-4.590658565626654,1.007273848988982,1.0032722976934425
89,54,3718.219348140621,-4.5351016616223205,1.0033947108525534,1.0032534949584822
89,54,3718.221663011622,-4.479544757607073,1.0050368326663475,1.0032346922235178
89,54,3718.2239778828553,-4.42398784800389,1.0090149447794141,1.0032158894866625
89,54,3718.226292753856,-4.368430943988642,1.0016005572869533,1.0031970867516984
89,54,3718.2286076248556,-4.312874039995222,0.9991700795662887,1.0031782840167414
89,54,3718.2309224958562,-4.257317135979974,1.0147152410006748,1.0031594812817772
89,54,3718.2332373670906,-4.201760226354963,0.995783582233386,1.0031406785449144
89,54,3718.2355522380913,-4.146203322339716,1.0110554471426965,1.0031218758099503
89,54,3718.237867109092,-4.090646418324468,1.0041790771327654,1.0031030730749861
89,54,3718.2401819803254,-4.035089508721285,1.002552118739865,1.0030842703381306
89,54,3718.242496851325,-3.979532604727865,1.0105572407389922,1.0030654676031738
89,54,3718.2448117223257,-3.9239757007126173,1.0088319330796778,1.0030466648682097
89,54,3718.247126593559,-3.868418791109434,1.002143089720648,1.0030278621313542
89,54,3718.2494414645607,-3.8128618870723585,0.9964708202717133,1.0030090593963827
89,54,3718.2517563355614,-3.757304983057111,1.0094337561928217,1.0029902566614184
89,54,3718.254071206795,-3.7017480734539276,1.0021030940683473,1.002971453924563
89,54,3718.2563860777936,-3.6461911694823357,1.009670492971829,1.0029526511896136
89,54,3718.258700949027,-3.5906342598791525,1.0146811375016238,1.0029338484527583
89,54,3718.2610158200278,-3.535077355863905,1.0037326932817405,1.002915045717794
89,54,3718.263330691261,-3.4795204462607217,0.9900413168434349,1.0028962429809387
89,54,3718.2656455622628,-3.423963542223646,0.9973318271380525,1.002877440245967
89,54,3718.2679604334962,-3.368406632620463,1.0001239552866212,1.0028586375091117
89,54,3718.270275304497,-3.312849728605215,0.9941604714875474,1.0028398347741476
89,54,3718.2725901754966,-3.2572928246117954,1.0086418933899206,1.0028210320391906
89,54,3718.27490504673,-3.201735915008612,0.9953087456712462,1.0028022293023353
89,54,3718.2772199177307,-3.1461790109933645,1.0050305713661472,1.0027834265673712
89,54,3718.279534788964,-3.0906221013901813,1.0041935732495562,1.0027646238305157
89,54,3718.281849660198,-3.0350651917760842,1.0084901739932268,1.0027458210936566
89,54,3718.284164531199,-2.9795082877499226,1.000587490272889,1.0027270183586887
89,54,3718.2864794024317,-2.9239513781685673,1.0075259621582775,1.0027082156218408
89,54,3718.2887942734324,-2.8683944741533196,0.9812279475959841,1.0026894128868766
89,54,3718.291109144666,-2.8128375645501364,1.0078590746873088,1.0026706101500211
89,54,3718.293424015666,-2.7572806605458027,0.9940237593341912,1.0026518074150605
89,54,3718.295738886899,-2.7017237509535335,1.00745562546623,1.002633004678209
89,54,3718.2980537581334,-2.6461668413285224,1.00836212259525,1.0026142019413462
89,54,3718.3003686291345,-2.5906099373023608,1.0014449902431977,1.0025953992063783
89,54,3718.3026835003684,-2.5350530276882637,0.9925881468433346,1.0025765964695192
89,54,3718.304998371368,-2.479496123694844,1.0041934028740405,1.0025577937345624
89,54,3718.3073132426007,-2.4239392141134886,1.0027869529922806,1.0025389909977143
89,54,3718.309628113834,-2.3683823045103054,0.9975252601401633,1.002520188260859
89,54,3718.311942984835,-2.3128254004950577,0.9995035612422707,1.0025013855258949
89,54,3718.3142578560683,-2.2572684908918745,1.0029883084558695,1.0024825827890393
89,54,3718.3165727273017,-2.2017115812886914,1.0071785948777694,1.002463780052184
89,54,3718.3188875983033,-2.146154677251616,0.9983409045254583,1.0024449773172124
89,54,3718.3212024695367,-2.0905977676484326,1.0049390229224,1.002426174580357
89,54,3718.32351734077,-2.0350408580452495,1.0056529673228067,1.0024073718435016
89,54,3718.325832212002,-1.979483948485722,1.0058615779437707,1.002388569106661
89,54,3718.328147083003,-1.9239270444595604,1.0053305316594232,1.002369766371693
89,54,3718.330461954236,-1.8683701348672912,0.9986003296439675,1.0023509636348413
89,54,3718.3327768254703,-1.8128132252422802,1.00386731833503,1.0023321608979787
89,54,3718.335091696704,-1.757256315639097,0.9864581777695433,1.0023133581611232
89,54,3718.3374065677044,-1.7016994116238493,1.0075401033260771,1.002294555426159
89,54,3718.339721438938,-1.6461425020206661,0.9982801514561666,1.0022757526893036
89,54,3718.3420363101704,-1.5905855924393109,1.006354999635077,1.0022569499524556
89,54,3718.344351181404,-1.5350286828361277,1.0003035452780848,1.0022381472156003
89,54,3718.3466660526374,-1.4794717732329445,0.9943489919956234,1.0022193444787448
89,54,3718.348980923871,-1.4239148636297614,1.0015600221121863,1.0000218092242725
89,54,3718.3512957948724,-1.3683579595926858,0.993850317059251,0.9966382142229318
89,54,3718.353610666106,-1.3128010499895026,0.989139959375804,0.993254618882597
89,54,3718.3559255373393,-1.2572441403863195,0.9915896753317784,0.9898710235422622
89,54,3718.358240408571,-1.201687230826792,0.9915807306172064,0.9864874282045862
89,54,3718.3605552798053,-1.146130321201781,0.9843599181064527,0.9831038328629222
89,54,3718.362870151038,-1.0905734116204258,0.9838262877934512,0.9797202375239167
89,54,3718.3651850222723,-1.0350165019954147,0.9811134268535424,0.9763366421822527
89,54,3718.3674998935057,-0.9794595923922316,0.9718742891924613,0.9729530468419179
89,54,3718.369814764739,-0.9239026827890484,0.9687965974816894,0.9695694515015832
89,54,3718.3721296359727,-0.8683457731858653,0.9593345518542886,0.9661858561612484
89,54,3718.3744445069733,-0.8127888691706175,0.9621743283554033,0.962802261161237
89,54,3718.3767593782068,-0.7572319595674344,0.9607507131404409,0.9594186658209022
89,54,3718.3790742494393,-0.7016750499860791,0.9534832603322758,0.9560350704818968
89,54,3718.381389120673,-0.646118140382896,0.9529382148597251,0.9526514751415622
89,54,3718.383703991907,-0.5905612307578849,0.9477417474341856,0.949267879799898
89,54,3718.3860188631406,-0.5350043211547018,0.9458924205974315,0.9458842844595632
89,54,3718.388333734373,-0.47944741157334647,0.9342293788709982,0.9425006891205578
89,54,3718.3906486056067,-0.4238905019701633,0.9433349563257628,0.9391170937802232
89,54,3718.39296347684,-0.36833359236698016,0.936104971933083,0.9357334984398883
89,54,3718.3952783483064,-0.31277667717586155,0.9438000530875909,0.9350919459674173
89,54,3718.3975932195394,-0.25721976758359233,0.9377127630804719,0.9350731432305656
89,54,3718.3999080907743,-0.20166285794766736,0.9241631816650729,0.935054340493699
89,54,3718.402222962007,-0.14610594836631208,0.945348823316764,0.935035537756851
89,54,3718.4045378332403,-0.09054903876312892,0.9324675682574541,0.9350167350199957
89,54,3718.4068527044737,-0.03499212915994576,0.9457262050839472,0.9349979322831402
89,54,3718.409167575707,0.020564780443237396,0.9313386174968229,0.9349791295462849
89,54,3718.4114824469398,0.07612169002459268,0.9425737895115995,0.934960326809437
89,54,3718.4137973181732,0.13167859962777584,0.9399701960690663,0.9349415240725815
89,54,3718.4161121894067,0.187235509230959,0.923590989693694,0.9349227213357262
89,54,3718.4184270608735,0.24279242443299154,0.9269224273391197,0.9349039185969757
89,54,3718.4207419321074,0.29834933404708863,0.940175839316466,0.9348851158601167
89,54,3718.42305680334,0.3539062436284439,0.9286904850549047,0.9348663131232687
89,54,3718.4253716745734,0.4094631532316271,0.9376604294012456,0.9379612633665423
89,54,3718.427686545806,0.46502006281298236,0.9582774995612653,0.9413072532318515
89,54,3718.4300014170403,0.5205769724379934,0.9425900603733448,0.9446532430997903
89,54,3718.4323162885066,0.576133887629112,0.955547899226943,0.9479992333029551
89,54,3718.43463115974,0.6316907972322952,0.9456757029415142,0.9513452231695791
89,54,3718.4369460309726,0.6872477068136504,0.9509664874129302,0.9546912130348884
89,54,3718.439260902206,0.7428046164168336,0.9599593898600061,0.9580372029015124
89,54,3718.4415757736733,0.7983615316297801,0.9571197979323668,0.961383193105992
89,54,3718.443890644907,0.8539184412329632,0.9589468339724888,0.9647291829726158
89,54,3718.4462055161403,0.9094753508361464,0.9711549353694324,0.9680751728392398
89,54,3718.4485203873737,0.9650322604393295,0.9713841756257507,0.971421162705864
89,54,3718.450835258839,1.0205891756086203,0.9754569029418464,0.9747671529077141
89,54,3718.4531501300726,1.0761460852118034,0.9665689376144564,0.9781131427743381
89,54,3718.455465001306,1.1317029948149866,0.9796031472929485,0.9814591326409621
89,54,3718.4577798727723,1.1872599100061052,0.9835739758527208,0.9848051228441271
89,54,3718.460094744006,1.2428168196092884,0.9903636957149798,0.988151112710751
89,54,3718.4624096152393,1.2983737292124715,0.9834763790781678,0.991497102577375
89,54,3718.4647244867056,1.3539306444035901,0.9944270523777142,0.9948430927805398
89,54,3718.467039357939,1.4094875540067733,1.0059162258904182,0.9981890826471639
89,54,3718.4693542291716,1.4650444635881286,1.0093727049663774,1.0012227994159828
89,54,3718.471669100639,1.520601378801075,1.0046854473632618,1.0012039966772288
89,54,3718.4739839718723,1.5761582884042582,0.9946771636347007,1.0011851939403735
89,54,3718.476298843338,1.6317152035844629,0.9995672106953287,1.0011663912016306
89,54,3718.478613714572,1.68727211319856,0.9942951533326754,1.0011475884647716
89,54,3718.4809285858046,1.7428290227799152,0.9890414965257132,1.0011287857279236
89,54,3718.483243457272,1.7983859379928617,0.9890072652450255,1.0011099829891696
89,54,3718.4855583285052,1.8539428475960449,0.9911817537534134,1.0010911802523141
89,54,3718.4878731999706,1.9094997627653356,1.0071915718128788,1.001072377513575
89,54,3718.490188071204,1.9650566723685188,1.0008941945969934,1.0010535747767195
89,54,3718.49250294267,2.0206135875487234,0.991964615049904,1.0010347720379766
89,54,3718.494817813904,2.0761704971628205,0.9988677482137529,1.0010159693011176
89,54,3718.4971326853693,2.1317274123321113,0.9969828128942263,1.0009971665623785
89,54,3718.4994475566036,2.1872843219571223,1.0072530205821928,1.0009783638255156
89,54,3718.50176242807,2.242841237148241,0.9973343259789488,1.0009595610867692
89,54,3718.504077299303,2.29839814674051,1.000068199899122,1.0009407583499175
89,54,3718.506392170769,2.353955061920715,1.0017681642004823,1.0009219556111746
89,54,3718.5087070420022,2.409511971523898,0.9950039722696526,1.000903152874319
89,54,3718.511021913469,2.4650688867259305,1.0018654344219635,1.0008843501355689
89,54,3718.513336784702,2.5206257963181997,0.9896532156167248,1.0008655473987171
89,54,3718.5156516561683,2.5761827115093183,1.0063570867351437,1.0008467446599707
89,54,3718.5179665274018,2.6317396211125015,1.0079566146700234,1.0008279419231152
89,54,3718.520281398868,2.68729653630362,0.9910576493882159,1.0008091391843688
89,54,3718.5225962701006,2.7428534458849754,0.997715867748306,1.0007903364475206
89,54,3718.524911141568,2.798410361097922,0.9903987362793669,1.0007715337087666
89,54,3718.527226013034,2.8539672762890405,1.0017149928416371,1.0007527309700202
89,54,3718.529540884268,2.9095241859031375,0.9915716723189573,1.000733928233161
89,54,3718.531855755735,2.96508110110517,0.9992584050731979,1.0007151254944107
89,54,3718.5341706269674,3.0206380106865254,0.9956810729647982,1.0006963227575627
89,54,3718.5364854984336,3.076194925877644,1.0083227374552135,1.0006775200188163
89,54,3718.538800369899,3.1317518410469347,1.009963624046519,1.000658717280077
89,54,3718.541115241133,3.187308750661032,1.0030099461463582,1.0006399145432179
89,54,3718.543430112599,3.2428656658412365,1.0008760212086565,1.000621111804475
89,54,3718.5457449840655,3.298422581043269,1.0045364113809396,1.0006023090657248
89,54,3718.5480598553004,3.353979490679194,1.006269215562943,1.0005835063288582
89,54,3718.550374726765,3.409536405826657,0.9981085549159793,1.0005647035901264
89,54,3718.552689598231,3.4650933210177755,0.9979118989770306,1.00054590085138
89,54,3718.5550044694637,3.5206502305991307,1.0020269220148883,1.000527098114532
89,54,3718.557319340931,3.576207145812077,1.0011658015648721,1.000508295375778
89,54,3718.559634212397,3.631764061003196,0.9989104840722639,1.0004894926370314
89,54,3718.5619490838635,3.6873209761943144,0.9969777016287565,1.0004706898982847
89,54,3718.564263955098,3.7428778858193255,1.0016361799676856,1.000451887161422
89,54,3718.5665788265633,3.798434800988616,1.0016587547235103,1.0004330844226828
89,54,3718.5688936980287,3.853991716157907,0.9895435505764794,1.0004142816839436
89,54,3718.571208569495,3.9095486313490255,0.9966939696033469,1.000395478945197
89,54,3718.5735234407293,3.9651055409740366,0.9874580264831844,1.0003766762083344
89,54,3718.5758383121947,4.020662456143327,1.002611523002991,1.000357873469595
89,54,3718.5781531836615,4.07621937134536,0.9953399953804098,1.0003390707308448
89,54,3718.580468055128,4.131776286547392,1.0019617107862702,1.0003202679920946
89,54,3718.582782926361,4.187333196128748,0.9912593598007958,1.0003014652552467
89,54,3718.585097797827,4.242890111319866,0.9952938378136261,1.0002826625165
89,54,3718.5874126692934,4.298447026510985,0.999278764947319,1.0002638597777533
89,54,3718.5897275407597,4.3540039417021035,0.9981892277226435,1.000245057039007
89,54,3718.592042412226,4.409560856893222,1.000114854394493,1.0002262543002602
89,54,3718.5943572836923,4.465117772084341,0.9989180657827107,1.0002074515615136
89,54,3718.5966721549257,4.520674681687524,1.0036355650398556,1.0001886488246583
89,54,3718.598987026392,4.5762315968786424,0.9983386470498758,1.0001698460859116
89,54,3718.6013018978583,4.631788512069761,0.9957886509049769,1.0001510433471652
89,54,3718.6036167693237,4.687345427239052,0.9970703717113151,1.0001322406084259
89,54,3718.60593164079,4.74290234243017,0.9993395890064091,1.0001134378696794
89,54,3718.608246512257,4.798459257643117,1.0015077452247985,1.0000946351309254
89,54,3718.6105613837235,4.8540161728342355,1.0119175898458066,1.0000758323921788
89,54,3718.61287625519,4.909573088025354,1.008948753891581,1.0000570296534324
89,54,3718.6151911264233,4.965129997628537,0.9939265033106696,1.0000382269165768
89,54,3718.6175059978887,5.020686912797828,0.9989253635339648,1.0000194241778377
89,54,3718.619820869355,5.076243827988947,0.9971758057595883,1.000000621439091
89,54,3718.6221357408212,5.131800743180065,1.0025510112990133,0.9999818187003445
89,54,3718.6244506122866,5.187357658349356,1.0000344371511025,0.9999630159616053
89,54,3718.626765483754,5.242914573562302,1.0022325936582073,0.9999442132228514
89,54,3718.629080355221,5.298471488775249,1.0000234195344233,0.9999254104840974
89,54,3718.6313952266873,5.3540284039663675,1.0052306632113281,0.9999066077453508
89,54,3718.6337100981527,5.409585319135658,0.9999765804655768,0.9998878050066117
89,54,3718.636024969618,5.465142234304949,1.0020086918347129,0.9998690022678725
89,54,3718.6383398410844,5.5206991494960675,1.0055843627818348,0.9998501995291259
89,54,3718.6406547125507,5.576256064687186,1.005591731522887,0.9998313967903794
89,54,3718.6429695840175,5.631812979889219,1.0094659145714022,0.999812594051629
89,54,3718.645284455484,5.687369895091251,0.9967838142919373,0.9997937913128788
89,54,3718.6475993269505,5.74292681028237,1.002490826148107,0.9997749885741322
89,54,3718.649914198417,5.7984837254734884,0.9939311460434713,0.9997561858353856
89,54,3718.652229069882,5.854040640642779,0.9841930636847847,0.9997373830966464
89,54,3718.654543941348,5.909597555822984,1.0060595684909253,0.9997185803579035
89,54,3718.656858812815,5.965154471025016,0.9981798002774438,0.9996997776191533
89,54,3718.6591736842815,6.020711386227049,0.9944068202852298,0.999680974880403
89,54,3718.6614885557483,6.0762683014290815,1.0040285077708024,0.9996621721416528
89,54,3718.6638034272146,6.1318252166202,0.9972171218221355,0.9996433694029062
89,54,3718.66611829868,6.187382131789491,1.0000808644791193,0.999624566664167
89,54,3718.6684331701463,6.242939046980609,1.0042566689821883,0.9996057639254204
89,54,3718.6707480416117,6.2984959621499,1.0075564877714998,0.9995869611866812
89,54,3718.673062913078,6.354052877341019,1.0042177239789007,0.9995681584479347
89,54,3718.6753777845443,6.409609792532137,1.0124481250036073,0.999549355709188
89,54,3718.6776926562443,6.465166713333019,1.0060455409068028,0.9995305529685429
89,54,3718.6800075277106,6.520723628524138,1.0069889669288417,0.9995117502297963
89,54,3718.682322399177,6.5762805437152565,0.9983360488232621,0.9994929474910498
89,54,3718.6846372706423,6.631837458884547,0.9963471702412242,0.9994741447523106
89,54,3718.6869521421077,6.687394374053838,0.988888257947338,0.9994553420135713
89,54,3718.689267013575,6.742951289266784,0.9906424868504354,0.9994365392748175
89,54,3718.6915818850403,6.798508204436075,0.9999152594778994,0.9994177365360782
89,54,3718.6938967565075,6.854065119649022,1.0063754163010368,0.9993989337973243
89,54,3718.6962116279747,6.909622034861968,1.0014637599458394,0.9993801310585703
89,54,3718.698526499673,6.965178955619194,0.9988562904603249,0.9993613283179399
89,54,3718.700841371139,7.020735870810313,0.9999588046201098,0.9993425255791933
89,54,3718.7031562426046,7.076292785979604,1.0048107301591092,0.9993237228404541
89,54,3718.705471114071,7.131849701170722,0.9933248789689606,0.9993049201017076
89,54,3718.707785985537,7.187406616361841,0.9868944242773865,0.999286117362961
89,54,3718.710100857004,7.242963531563873,0.9979723112952912,0.9992673146242107
89,54,3718.7124157287035,7.298520452353841,0.9990904148147588,0.9992485118835693
89,54,3718.71473060017,7.35407736754496,0.9975912096626827,0.9992297091448227
89,54,3718.717045471635,7.409634282714251,0.9942055926032776,0.9992109064060836
89,54,3718.719360343101,7.465191197894455,1.007060183894387,0.9991921036673407
89,54,3718.7216752145678,7.520748113096488,1.0009877875469284,0.9991733009285904
89,54,3718.723990086267,7.576305033875542,0.998923901144122,0.9991544981879527
89,54,3718.726304957733,7.631861949066661,0.995719620425216,0.999135695449206
89,54,3718.7286198292,7.687418864268693,0.9956382661164891,0.9991168927104558
89,54,3718.730934700666,7.742975779448898,1.0035409356388671,0.9990980899717129
89,54,3718.733249572132,7.798532694640016,0.9904427641522049,0.9990792872329664
89,54,3718.735564443831,7.8540896154190705,0.9921640679869014,0.9990604844923285
89,54,3718.7378793152966,7.909646530588361,0.9937164870917014,0.9990416817535893
89,54,3718.740194186763,7.96520344577948,0.9972928253429263,0.9990228790148428
89,54,3718.742509058229,8.020760360970598,0.9966284034257377,0.9990040762760962
89,54,3718.744823929929,8.07631728177148,0.9949885816814049,0.9989852735354511
89,54,3718.7471388013946,8.131874196940771,0.9875384153306558,0.9989664707967119
89,54,3718.749453672862,8.187431112153718,1.0000333723041295,0.9989476680579579
89,54,3718.751768544327,8.242988027323008,0.9851683925221306,0.9989288653192188
89,54,3718.7540834160263,8.298544948102062,0.9961878975300029,0.998910062578581
89,54,3718.7563982874926,8.354101863293181,1.0053346490677184,0.9988912598398344
89,54,3718.758713158959,8.4096587784843,0.9869070036696259,0.9988724571010879
89,54,3718.761028030425,8.465215693675418,0.9947154697298045,0.9988536543623412
89,54,3718.7633429021253,8.5207726144763,0.9908101789517222,0.998834851621696
89,54,3718.7656577735906,8.57632952964559,0.9943961718155011,0.9988160488829569
89,54,3718.767972645057,8.63188644483671,0.9902815605184728,0.9987972461442103
89,54,3718.770287516755,8.687443365593936,0.980365449943883,0.9987784434035799
89,54,3718.7726023882215,8.743000280785054,0.9916116395753387,0.9987596406648334
89,54,3718.7749172596887,8.798557195998,1.0042563424291167,0.9987408379260794
89,54,3718.777232131388,8.854114116777055,1.0006407184235726,0.9987220351854417
89,54,3718.779547002854,8.909671031968173,1.0013317331191638,0.998703232446695
89,54,3718.78186187432,8.965227947148378,0.9951795726344579,0.9986844297079522
89,54,3718.7841767460186,9.020784867916518,0.9871476022936548,0.9986656269673181
89,54,3718.786491617484,9.076341783085809,1.0022065404022713,0.998646824228579
89,54,3718.7888064889503,9.131898698276927,1.0017931526094455,0.9986280214898323
89,54,3718.7911213606503,9.18745561907781,0.9887433961651496,0.9986092187491872
89,54,3718.793436232117,9.243012534279842,0.9871710289270579,0.998590416010437
89,54,3718.795751103583,9.298569449460047,1.0049512757615677,0.9985716132716941
89,54,3718.798065975282,9.3541263702391,1.0020334388783623,0.9985528105310563
89,54,3718.8003808467483,9.40968328543022,0.9871892875031526,0.9985340077923097
89,54,3718.8026957182137,9.46524020059951,0.9980120229883992,0.9985152050535705
89,54,3718.805010589913,9.520797121378564,0.9938438711855753,0.9984964023129328
89,54,3718.807325461379,9.576354036569683,1.002573926805869,0.9984775995741861
89,54,3718.8096403328464,9.63191095178263,1.010089290187277,0.9984587968354323
89,54,3718.8119552045446,9.687467872539855,1.0017986472198255,0.9984399940948019
89,54,3718.814270076012,9.743024787752802,1.0058458891983706,0.9984211913560479
89,54,3718.816584947477,9.798581702922093,0.9989315112504881,0.9984023886173087
89,54,3718.8188998191763,9.854138623701147,1.0089416975056407,0.998383585876671
89,54,3718.8212146906417,9.909695538870437,0.9953546050808776,0.9983647831379318
89,54,3718.8235295623417,9.96525245967132,0.9899887985907332,0.9983459803972866
89,54,3718.8258444338085,10.020809374873352,0.9893479310885843,0.9983271776585363
89,54,3718.828159305275,10.076366290075384,1.0064902777945097,0.9983083749197861
89,54,3718.8304741769734,10.13192321083261,0.9923810696020116,0.9982895721791557
89,54,3718.8327890484397,10.187480126023729,0.9899399150156989,0.9982707694404092
89,54,3718.835103919905,10.24303704119302,0.9989202380705353,0.9982519667016699
89,54,3718.8374187916043,10.298593961972074,0.9978190017271179,0.9982331639610321
89,54,3718.839733663071,10.354150877174106,0.9992471744871241,0.9982143612222819
89,54,3718.8420485347706,10.409707797964074,0.9969218752514591,0.9981955584816404
89,54,3718.844363406237,10.465264713155193,1.0026338421955423,0.9981767557428939
89,54,3718.8466782779356,10.520821633923333,1.0036468808136874,0.9981579530022597
89,54,3718.8489931494023,10.576378549125366,1.0071113249450037,0.9981391502635095
89,54,3718.851308020867,10.631935464272829,1.0088220229038503,0.9981203475247777
89,54,3718.853622892566,10.687492385051883,1.0055313192046267,0.9981015447841399
89,54,3718.855937764032,10.743049300243001,0.9987293890970786,0.9980827420453934
89,54,3718.8582526357322,10.798606221043883,0.9907230034795437,0.9980639393047482
89,54,3718.860567507199,10.854163136245916,0.9941790566167138,0.9980451365659979
89,54,3718.862882378665,10.90972005142612,0.9988610751727229,0.998026333827255
89,54,3718.865197250364,10.965276972205174,0.9928008606746341,0.9980075310866173
89,54,3718.8675121218293,11.020833887374465,0.9945207163174474,0.9979887283478781
89,54,3718.869826993528,11.076390808142605,0.9908299567094982,0.9979699256072441
89,54,3718.872141864995,11.131947723344638,1.0087660403489969,0.9979511228684937
89,54,3718.8744567366944,11.187504644134606,1.0023408956943274,0.9979323201278524
89,54,3718.876771608161,11.243061559336638,0.993562439229627,0.9979135173891021
89,54,3718.879086479627,11.298618474516843,1.0085326826843835,0.9978947146503592
89,54,3718.8814013513256,11.354175395284983,1.0019646923577943,0.9978759119097251
89,54,3718.883716222791,11.409732310454274,0.9963191292709388,0.9978571091709859
89,54,3718.88603109449,11.465289231233328,0.9937896065838381,0.9978383064303482
89,54,3718.8883459659573,11.520846146446274,1.0068666231106393,0.9978195036915942
89,54,3718.8906608376565,11.576403067225328,0.9988194041611849,0.9978007009509564
89,54,3718.8929757091228,11.631959982416447,0.9941052272265952,0.9977818982122099
89,54,3718.895290580822,11.687516903195501,0.9960971441719956,0.997763095471572
89,54,3718.897605452288,11.74307381838662,0.9992264312680926,0.9977442927328255
89,54,3718.8999203237527,11.798630733534083,0.9902512478746454,0.9977254899940937
89,54,3718.9022351954527,11.854187654334964,0.9963587699742487,0.9977066872534486
89,54,3718.904550066919,11.909744569526083,1.0085528011931908,0.997687884514702
89,54,3718.9068649386186,11.965301490316051,0.9997009554751205,0.9976690817740606
89,54,3718.9091798100853,12.020858405518084,1.0037879375426928,0.9976502790353102
89,54,3718.911494681784,12.076415326286224,0.9999685444204216,0.9976314762946762
89,54,3718.91380955325,12.131972241466428,0.9958710132688381,0.9976126735559333
89,54,3718.916124424949,12.187529162245482,0.9990262400371941,0.9975938708152956
89,54,3718.9184392964153,12.243086077436601,0.9939508102175701,0.9975750680765489
89,54,3718.9207541681144,12.298642998215655,0.9982498814062178,0.9975562653359112
89,54,3718.9230690395807,12.354199913406774,0.9943655610145211,0.9975374625971647
89,54,3718.925383911047,12.409756828597892,0.9996540312185163,0.997518659858418
89,54,3718.927698782746,12.465313749376946,1.0002577710562113,0.9974998571177803
89,54,3718.9300136542124,12.520870664568065,1.000212848711916,0.9974810543790338
89,54,3718.932328525911,12.576427585336205,1.0032049835179082,0.9974622516383996
89,54,3718.934643397378,12.631984500538238,1.0046073301893323,0.9974434488996494
89,54,3718.936958269076,12.687541421295464,1.0125944633735982,0.997424646159019
89,54,3718.9392731405424,12.743098336486582,1.0022114386983465,0.9974058434202724
89,54,3718.9415880122424,12.798655257287464,0.9996397906649991,0.9973870406796272
89,54,3718.9439028837087,12.854212172478583,0.9988079748036761,0.9973682379408807
89,54,3718.946217755407,12.90976909323581,1.0016532175192514,0.9973494352002503
89,54,3718.948532626873,12.965326008426928,1.0020586970485588,0.9973306324615038
89,54,3718.9508474985723,13.020882929205982,0.9991023978926934,0.997311829720866
89,54,3718.9531623700377,13.076439844375273,1.0010466096937094,0.9972930269821269
89,54,3718.9554772415045,13.131996759577305,1.0009045875034486,0.9972742242433765
89,54,3718.957792113204,13.187553680367273,0.9998133465236164,0.997255421502735
